M (Hyperplanes),D (Bags),T (Filtered),FP (Hashed),FN (Hashed),FP (Theoretical),FN (Theoretical)
64,1,0,6.666666666666667e-05,0.9558666666666666,1.6738100384448158e-05,0.9834566110829931
64,1,1,6.666666666666667e-05,0.9244666666666669,2.2701972175418647e-05,0.9809274547344058
64,1,2,0.0,0.8786,2.857065079778217e-05,0.9783256590308322
64,1,3,6.666666666666667e-05,0.8233999999999999,3.320342853587827e-05,0.9753313453879292
64,1,4,0.0002,0.7623333333333332,4.1956169133487885e-05,0.9722420589717565
64,1,5,0.0005333333333333334,0.6978000000000001,5.099879617474635e-05,0.9683731107908942
64,1,6,0.0013333333333333333,0.6213999999999998,6.782101499194643e-05,0.9641595954733192
64,1,7,0.0006666666666666668,0.5480666666666667,8.068013477374728e-05,0.9594287994270054
64,1,8,0.0018000000000000002,0.4732666666666666,9.749348043174179e-05,0.9545721122792978
64,1,9,0.0025333333333333336,0.4024666666666668,0.00013164020127722818,0.9488682488347647
64,1,10,0.002866666666666667,0.3398666666666667,0.0001395612116123517,0.9425912110874993
64,1,11,0.004533333333333334,0.288,0.00017728690857856305,0.9354788948712559
64,1,12,0.005933333333333335,0.23173333333333337,0.0002286334553913042,0.928128152006177
64,1,13,0.008600000000000002,0.18533333333333332,0.00028720739104101526,0.9206655507329959
64,1,14,0.013533333333333338,0.1498,0.0003417376559665467,0.9115932343210326
64,1,15,0.015533333333333338,0.12226666666666668,0.00041365857769159884,0.9013492744619102
64,1,16,0.01913333333333334,0.09166666666666669,0.0004925140967036811,0.890890510663474
64,1,17,0.02880000000000001,0.07553333333333336,0.0006171482718436125,0.8791986908338182
64,1,18,0.03226666666666668,0.057800000000000025,0.0007772900791078167,0.8673059739828993
64,1,19,0.04166666666666668,0.046666666666666676,0.0009667682677732027,0.8536630311477181
64,1,20,0.04686666666666669,0.0352,0.0011502718705197214,0.8397339522152638
64,1,21,0.059066666666666684,0.027666666666666676,0.0014209974113176703,0.8233639367573194
64,1,22,0.07100000000000002,0.02393333333333334,0.0016940661972234222,0.8072276797673925
64,1,23,0.0862,0.017333333333333336,0.0020807977355654364,0.7876235079309958
64,1,24,0.09593333333333336,0.014333333333333335,0.0025091840756075543,0.7687467873671827
64,1,25,0.11686666666666667,0.010266666666666669,0.0030996968032908022,0.7508657657685397
64,1,26,0.13053333333333333,0.007866666666666668,0.0036960438519256698,0.7275681007993346
64,1,27,0.15573333333333336,0.005800000000000002,0.004515869335148135,0.7042950416490235
64,1,28,0.1733333333333333,0.004200000000000001,0.0053178905494211575,0.6833616067477567
64,1,29,0.19339999999999996,0.002,0.00638303981300801,0.6563508957999227
64,1,30,0.22533333333333336,0.002333333333333333,0.007646239969004903,0.6286684646572887
64,1,31,0.24913333333333335,0.0013333333333333335,0.009349091814371173,0.6027499828856588
64,3,0,6.666666666666667e-05,0.8529333333333333,5.0996700184230194e-05,0.950471712501626
64,3,1,0.00013333333333333334,0.7556666666666667,6.199537040301741e-05,0.9437464317059033
64,3,2,6.666666666666667e-05,0.6523999999999999,8.156330024992901e-05,0.9370332479047706
64,3,3,0.00046666666666666666,0.5385333333333333,9.682032162081604e-05,0.9271321927242892
64,3,4,0.0010666666666666667,0.44233333333333325,0.0001262448774465123,0.9187448696138144
64,3,5,0.0016666666666666672,0.33940000000000003,0.00016076925422714075,0.9075725902455314
64,3,6,0.0019333333333333336,0.2526,0.00018539099778666038,0.896679388413794
64,3,7,0.002800000000000001,0.18533333333333335,0.000251520423861051,0.8846972479001192
64,3,8,0.0042,0.12986666666666669,0.0003061138969316108,0.8702797182806673
64,3,9,0.007133333333333336,0.09393333333333334,0.0003911056939752237,0.8551353830206875
64,3,10,0.0088,0.06713333333333334,0.0004762443167244244,0.8402720085212386
64,3,11,0.01366666666666667,0.046333333333333344,0.0005636997528790591,0.8230697725556685
64,3,12,0.017466666666666672,0.03086666666666667,0.0007051258335897417,0.8041206839270421
64,3,13,0.024066666666666674,0.021466666666666676,0.0008660162750706075,0.7850258431175016
64,3,14,0.034933333333333344,0.015133333333333335,0.0010498459920483274,0.763577533591086
64,3,15,0.042200000000000015,0.009200000000000003,0.001361333795859489,0.7387713092462989
64,3,16,0.050866666666666685,0.006800000000000002,0.0017183411307358104,0.7162234342379523
64,3,17,0.06493333333333334,0.005200000000000001,0.002032728476540023,0.6918926895434355
64,3,18,0.08146666666666665,0.003266666666666667,0.002412535903647491,0.6650372070559404
64,3,19,0.10439999999999998,0.0025333333333333336,0.003004856587868012,0.6378618408538157
64,3,20,0.12900000000000003,0.0022,0.0036817780890996735,0.6079223730470118
64,3,21,0.1528666666666667,0.0011333333333333334,0.004325685783971971,0.5774760150952273
64,3,22,0.18173333333333336,0.0004,0.005249638828519952,0.5490799323382746
64,3,23,0.2104666666666667,0.0008,0.006468999426444616,0.5130130355267833
64,3,24,0.24526666666666666,0.0004,0.007750869832769723,0.4803533611227824
64,3,25,0.28113333333333324,6.666666666666667e-05,0.009510501168602255,0.44752099179824106
64,3,26,0.32539999999999997,6.666666666666667e-05,0.011402621787031537,0.42014323738532294
64,3,27,0.37606666666666666,0.0,0.013583331414810634,0.3883867476837453
64,3,28,0.42693333333333344,0.0,0.01645102552138235,0.3549502946485624
64,3,29,0.46706666666666674,0.00013333333333333334,0.01979735589367467,0.3256522820725224
64,3,30,0.5180000000000002,0.0,0.023654496587918506,0.29471239138872096
64,3,31,0.5673999999999999,0.0,0.027866345054131988,0.26597224734204217
64,5,0,6.666666666666667e-05,0.7699999999999999,7.256814644085295e-05,0.9180441677772856
64,5,1,0.0002666666666666667,0.6318666666666667,8.518453563233142e-05,0.9064731364223739
64,5,2,0.0002666666666666667,0.49820000000000003,0.00011416105169422069,0.8936903490560774
64,5,3,0.0006000000000000001,0.3605333333333334,0.0001461811964944228,0.8803306184639111
64,5,4,0.0011333333333333336,0.2550666666666667,0.0001752043155590685,0.8660253668122472
64,5,5,0.0019333333333333336,0.1678,0.00022316264491287603,0.8491150210278596
64,5,6,0.002800000000000001,0.10913333333333332,0.00027868217614939806,0.8307840136798605
64,5,7,0.0037333333333333337,0.06760000000000002,0.0003719417113020937,0.8113031295895529
64,5,8,0.007400000000000003,0.042933333333333344,0.00043680193028332765,0.7919827877032558
64,5,9,0.00946666666666667,0.0246,0.0005458861315104847,0.7693386869300629
64,5,10,0.015200000000000007,0.014733333333333338,0.0006525737637660979,0.7466568491635431
64,5,11,0.020266666666666672,0.0082,0.0008550451319989467,0.718272001548501
64,5,12,0.02460000000000001,0.004866666666666668,0.0010322570359193781,0.6922740851434246
64,5,13,0.03640000000000001,0.0028666666666666675,0.0013146011906030577,0.6661857440685441
64,5,14,0.046400000000000025,0.001666666666666667,0.0016165742661611551,0.6362187489536392
64,5,15,0.058133333333333356,0.0008,0.0019821949290971274,0.6053751742738638
64,5,16,0.07986666666666668,0.00046666666666666666,0.002420560644550998,0.5744952021240055
64,5,17,0.09793333333333333,0.0002666666666666667,0.0029666332577091845,0.5428640890449894
64,5,18,0.12293333333333333,6.666666666666667e-05,0.0035574438682264013,0.5099535894606525
64,5,19,0.15306666666666668,0.00013333333333333334,0.004461866340802989,0.4710988661978989
64,5,20,0.17713333333333334,6.666666666666667e-05,0.005471055624946224,0.4385166341158764
64,5,21,0.20733333333333334,0.0,0.006570285885867638,0.4074523922040479
64,5,22,0.25719999999999993,6.666666666666667e-05,0.007995074556462497,0.3737800956416243
64,5,23,0.2949333333333333,0.0,0.00996171588656196,0.3367742112465276
64,5,24,0.3357333333333333,6.666666666666667e-05,0.011942851730760729,0.3075703683165197
64,5,25,0.3772,0.0,0.01430599354475086,0.27537027100125305
64,5,26,0.42993333333333333,0.0,0.0167016902373653,0.24818216490274553
64,5,27,0.47580000000000006,0.0,0.02093840527986756,0.21621019345077722
64,5,28,0.5346666666666665,6.666666666666667e-05,0.025646736428799277,0.19057120414422427
64,5,29,0.5733333333333335,0.0,0.03008732788226775,0.16681485511715077
64,5,30,0.6346,0.0,0.0358432247743904,0.14242595677533393
64,5,31,0.6865333333333333,0.0,0.04395212435009014,0.1229808102805239
64,7,0,0.0002,0.6843333333333333,0.00013592181635007524,0.8901005988007721
64,7,1,0.0003333333333333333,0.5403333333333333,0.00014853703810846947,0.8767540820775946
64,7,2,0.0008000000000000001,0.38386666666666674,0.00019363668437195983,0.8612464882127092
64,7,3,0.0013333333333333335,0.26433333333333336,0.00024702769400138753,0.8428922150708373
64,7,4,0.0018,0.16633333333333333,0.0003146598738293137,0.8245675120605168
64,7,5,0.0035333333333333345,0.09886666666666669,0.0003725547932917392,0.8040950462844416
64,7,6,0.0056000000000000025,0.05726666666666669,0.0004556294403212469,0.7810771332560605
64,7,7,0.007533333333333337,0.03386666666666668,0.0005916347437004352,0.7571583782159744
64,7,8,0.010800000000000006,0.018600000000000002,0.000656790045708159,0.7332148888535402
64,7,9,0.017200000000000003,0.011333333333333336,0.0008798037357450379,0.7066251421540535
64,7,10,0.02413333333333334,0.0066000000000000026,0.0010455812702945834,0.6766817115578334
64,7,11,0.03186666666666668,0.004266666666666668,0.0013485474766361315,0.6449795897046564
64,7,12,0.038933333333333354,0.0019333333333333333,0.001633070200276527,0.618232356766527
64,7,13,0.0588666666666667,0.0009333333333333336,0.002092469421948778,0.584298568074456
64,7,14,0.07440000000000001,0.001,0.002455371465682639,0.5549291957549137
64,7,15,0.09073333333333333,0.00046666666666666666,0.0031094038510816346,0.5180431049093325
64,7,16,0.11613333333333334,0.0002,0.0036604345190041367,0.48491116587877203
64,7,17,0.1398,0.0002,0.004607276524087486,0.45003758655952547
64,7,18,0.16473333333333337,0.0002,0.005817043238977243,0.412568790405656
64,7,19,0.20406666666666667,0.00013333333333333334,0.007025858852921688,0.37882991836883434
64,7,20,0.2518000000000001,6.666666666666667e-05,0.008173951430475793,0.3453272761789533
64,7,21,0.28806666666666664,6.666666666666667e-05,0.009878551416579432,0.31360508267455683
64,7,22,0.3417333333333332,0.0,0.012364279619686735,0.28083131589208715
64,7,23,0.39273333333333327,0.0,0.014436608192035561,0.24841711222882326
64,7,24,0.4383333333333334,0.0,0.017702848601505585,0.21938455610599128
64,7,25,0.4962666666666667,0.0,0.020897583823381794,0.19516988662117493
64,7,26,0.5512,0.0,0.025941246792396885,0.16916531467615978
64,7,27,0.6089999999999999,0.0,0.031314233921846256,0.14642071894737788
64,7,28,0.6538,0.0,0.03762079604215397,0.1259746397257583
64,7,29,0.7063333333333334,0.0,0.043794015318199056,0.10672086633462283
64,7,30,0.7564,0.0,0.05268625824221872,0.0901256414142662
64,7,31,0.7917333333333332,0.0,0.06176850478608851,0.07470262689974246
64,9,0,0.00013333333333333334,0.6040666666666668,0.0001527756727835146,0.8489791662632643
64,9,1,0.0003333333333333333,0.4261999999999999,0.0001923508875184319,0.830479334633911
64,9,2,0.0008,0.2657333333333333,0.00023879917590634192,0.8091056532370448
64,9,3,0.002133333333333334,0.1630666666666666,0.00028383836922524447,0.7852484971168554
64,9,4,0.0020000000000000005,0.0876,0.0003525364187227547,0.7599075275378959
64,9,5,0.004000000000000002,0.044466666666666675,0.0004572853246099016,0.7356408454616941
64,9,6,0.006266666666666669,0.022533333333333336,0.00055213918838564,0.7093709331419837
64,9,7,0.009133333333333335,0.013466666666666667,0.0007321403355076407,0.6779395953190142
64,9,8,0.014400000000000007,0.007333333333333335,0.0008526408721725331,0.649212786487105
64,9,9,0.022266666666666674,0.004000000000000001,0.0010478727418518567,0.6172903058942022
64,9,10,0.025200000000000007,0.002266666666666667,0.0013696255393599401,0.5812064008675809
64,9,11,0.03786666666666668,0.0019333333333333336,0.0017189632333130635,0.5487098694125249
64,9,12,0.05126666666666668,0.0010666666666666667,0.0020353653906686423,0.5147446699016113
64,9,13,0.0676666666666667,0.0003333333333333333,0.002558916163980515,0.47581140991102217
64,9,14,0.08673333333333333,0.0003333333333333333,0.0030750019327171942,0.44373901482249634
64,9,15,0.10286666666666666,0.0002666666666666667,0.00373285866769899,0.4052020917800299
64,9,16,0.14333333333333337,0.0003333333333333333,0.0048051398959762385,0.37472542606344095
64,9,17,0.17493333333333336,6.666666666666667e-05,0.005713075418634177,0.3338533222372153
64,9,18,0.2103333333333333,6.666666666666667e-05,0.006975979940857264,0.3016944025462423
64,9,19,0.25386666666666663,0.00013333333333333334,0.008449829937423239,0.2734998198864078
64,9,20,0.30293333333333333,0.0002,0.010525074419616883,0.2380078569458678
64,9,21,0.33666666666666667,0.00013333333333333334,0.012808963079803361,0.21251561393210566
64,9,22,0.4026666666666667,6.666666666666667e-05,0.014949855543757716,0.1799102004382666
64,9,23,0.4566,0.0,0.01862721903090162,0.15830590788995164
64,9,24,0.5136000000000002,0.0,0.022267264176092694,0.13538280461251284
64,9,25,0.5708,0.0,0.02673037718047774,0.11353978304616702
64,9,26,0.6245333333333334,0.0,0.03311316036381971,0.09581078553280328
64,9,27,0.6826,0.0,0.03866884754559715,0.08038438332217608
64,9,28,0.7338666666666669,0.0,0.046412418131000915,0.06492835855114515
64,9,29,0.7785999999999998,0.0,0.055965188268379734,0.05332850328788694
64,9,30,0.818,0.0,0.06785884285821041,0.043328997549083266
64,9,31,0.8520666666666669,0.0,0.07920430862973846,0.036471822150592
64,11,0,0.0003333333333333333,0.5665999999999999,0.0001472660301525504,0.8323408112851362
64,11,1,0.0007333333333333334,0.3793333333333333,0.0001837389270999873,0.808715421924851
64,11,2,0.0016000000000000005,0.22779999999999995,0.0002572126071543935,0.7877678611103334
64,11,3,0.0025333333333333336,0.13026666666666664,0.00029156234254449357,0.7633358804576117
64,11,4,0.0023333333333333335,0.0696666666666667,0.000372719769281234,0.7363375855495707
64,11,5,0.005333333333333333,0.037600000000000015,0.00045105312785343805,0.706535844023731
64,11,6,0.008733333333333336,0.01866666666666667,0.0005951416038403867,0.6752147475636885
64,11,7,0.011066666666666669,0.009133333333333335,0.0007298246255342574,0.6426151581867133
64,11,8,0.016533333333333337,0.004533333333333334,0.0009265093364136362,0.6140442051481017
64,11,9,0.023000000000000013,0.002533333333333333,0.0011456750713221401,0.5798468333776764
64,11,10,0.03560000000000001,0.0014666666666666667,0.0014536683118062498,0.5443956915857046
64,11,11,0.043866666666666686,0.0009333333333333334,0.0017004542382875723,0.5066992347463184
64,11,12,0.05526666666666669,0.0004,0.00216704437996377,0.47335613780626973
64,11,13,0.0736666666666667,0.0005333333333333334,0.00276812670181702,0.4387529249045131
64,11,14,0.09793333333333334,0.0,0.0034860513607835957,0.4027865121234905
64,11,15,0.12453333333333332,0.0002,0.004192681322712859,0.3627812779406483
64,11,16,0.15593333333333337,0.00013333333333333334,0.005359827019313526,0.3273422799666427
64,11,17,0.19160000000000002,6.666666666666667e-05,0.006388776679421875,0.29356385868086626
64,11,18,0.23386666666666672,6.666666666666667e-05,0.007560742972111952,0.2648721439030036
64,11,19,0.28,0.0,0.009218605321721482,0.2336429099398996
64,11,20,0.32166666666666666,0.0,0.011001396187806049,0.20435710793384348
64,11,21,0.3797333333333333,6.666666666666667e-05,0.013976834773953166,0.17734043878227665
64,11,22,0.4371333333333334,0.0,0.016960955870038718,0.1513576011098621
64,11,23,0.4832666666666665,0.0,0.020320549421096214,0.13019421091595834
64,11,24,0.5465333333333334,0.0,0.02518463656562387,0.1109272370442388
64,11,25,0.6031999999999997,0.0,0.030841626078128397,0.09230393501722384
64,11,26,0.6637333333333334,0.0,0.03618982240221792,0.07907917608917248
64,11,27,0.7148,0.0,0.04382416878047665,0.06337887236979182
64,11,28,0.7605999999999999,0.0,0.05176679290060344,0.055146635861820475
64,11,29,0.8058666666666665,0.0,0.06166987020794114,0.043203449526718514
64,11,30,0.8411333333333333,0.0,0.07468368537028651,0.036495573959860785
64,11,31,0.8786666666666666,0.0,0.08770778203444571,0.028772758723456186
64,13,0,0.00013333333333333334,0.5397999999999998,0.0002063292517956932,0.8190755338592269
64,13,1,0.0006000000000000001,0.35739999999999994,0.0002640602623558184,0.7957676164859742
64,13,2,0.0016666666666666672,0.22313333333333332,0.00032085359870741786,0.7740023194906906
64,13,3,0.0018666666666666664,0.12046666666666665,0.00042102950311688426,0.7469620420969242
64,13,4,0.004333333333333333,0.06566666666666668,0.000525210266871692,0.720401078044306
64,13,5,0.004933333333333334,0.03573333333333333,0.0006039942299407988,0.6910859199895416
64,13,6,0.008000000000000004,0.017400000000000002,0.0008212924156955982,0.6570928065294585
64,13,7,0.012933333333333337,0.012466666666666666,0.0009878084356098017,0.6271238589866549
64,13,8,0.01853333333333334,0.005666666666666667,0.0012573750141103557,0.594684394318156
64,13,9,0.028066666666666677,0.004200000000000001,0.0015211270225729088,0.5644088427776232
64,13,10,0.039266666666666686,0.0022,0.0018535609365646624,0.525769751387084
64,13,11,0.052266666666666683,0.0019333333333333333,0.002346147833146193,0.48732434659634255
64,13,12,0.07233333333333335,0.0013333333333333335,0.0028991901915761875,0.4508626027953925
64,13,13,0.09313333333333333,0.0010666666666666667,0.0036341303777509383,0.4158431322169022
64,13,14,0.11699999999999999,0.0003333333333333333,0.004471611522065009,0.37900057883924737
64,13,15,0.1526,0.00013333333333333334,0.005474306047437819,0.34176446127031285
64,13,16,0.1837333333333334,6.666666666666667e-05,0.006508450368661519,0.3116792933901188
64,13,17,0.22173333333333337,6.666666666666667e-05,0.008099202571980643,0.27594317310526867
64,13,18,0.26833333333333337,6.666666666666667e-05,0.009888755275645877,0.2514907218987968
64,13,19,0.3164666666666666,0.0,0.011741873603681292,0.21557822804060575
64,13,20,0.37120000000000003,0.0,0.014697669929134266,0.19209982426347147
64,13,21,0.42480000000000007,0.0,0.01767075260739263,0.16772029499892804
64,13,22,0.47626666666666667,0.0,0.021458779969758136,0.14266160368565237
64,13,23,0.5361333333333335,0.0,0.02627164806462972,0.12090489315671847
64,13,24,0.5890666666666667,0.0,0.030923014413604847,0.10328662051641174
64,13,25,0.6509333333333334,0.0,0.03797641478115656,0.08847182871178556
64,13,26,0.7024,0.0,0.0458071166455611,0.07491724059729907
64,13,27,0.7497333333333335,0.0,0.05443560343709879,0.06233975422008369
64,13,28,0.803,0.0,0.0661375567931241,0.052005655807208416
64,13,29,0.8413333333333333,0.0,0.07849310250579712,0.04136662540455074
64,13,30,0.8738000000000002,0.0,0.09235572147787537,0.03372422454454791
64,13,31,0.9061333333333336,0.0,0.11018082777937734,0.02886491478350532
72,1,0,0.0,0.9769333333333333,4.693657775397739e-06,0.9911081742001429
72,1,1,6.666666666666667e-05,0.9554666666666666,6.243444913161608e-06,0.9898607124578087
72,1,2,0.0,0.9277333333333334,7.440526740111618e-06,0.9885499924819642
72,1,3,6.666666666666667e-05,0.8901333333333333,9.890858520297339e-06,0.9868021627308907
72,1,4,0.0,0.8506666666666668,1.1916559774683127e-05,0.9849836976551833
72,1,5,6.666666666666667e-05,0.7864666666666665,1.5335686335104402e-05,0.9829807057746404
72,1,6,6.666666666666667e-05,0.7313333333333334,1.8459298958482076e-05,0.9810744729188614
72,1,7,6.666666666666667e-05,0.6705333333333333,2.287354351791361e-05,0.9781206473526071
72,1,8,0.0002666666666666667,0.6091333333333332,2.8092844777272686e-05,0.9753737666297132
72,1,9,0.0006666666666666668,0.5359999999999998,3.614047376798987e-05,0.9719465583763566
72,1,10,0.0009333333333333336,0.4768666666666667,4.2789284827352994e-05,0.9690146039662494
72,1,11,0.0020000000000000005,0.41639999999999994,5.524091668871418e-05,0.9650310787006219
72,1,12,0.0016000000000000005,0.35626666666666656,6.939126594169212e-05,0.9607730392474036
72,1,13,0.0019333333333333333,0.30706666666666665,8.211878614544135e-05,0.9561909561715972
72,1,14,0.0036000000000000003,0.2637333333333333,0.00010032793515753892,0.950114439372608
72,1,15,0.004600000000000002,0.22226666666666667,0.00013603723145539948,0.9445690929164486
72,1,16,0.00766666666666667,0.18800000000000003,0.0001535310181272148,0.9385164722554625
72,1,17,0.008533333333333335,0.15860000000000002,0.00019337345402044458,0.9318966516518689
72,1,18,0.01126666666666667,0.13499999999999998,0.00022986670680137826,0.9245668504239049
72,1,19,0.012066666666666672,0.11213333333333333,0.00029226382629580274,0.9176691179328215
72,1,20,0.018733333333333334,0.09440000000000001,0.00034939538863877623,0.9071418188120702
72,1,21,0.022933333333333344,0.07220000000000001,0.00042748432523457793,0.8978825917073847
72,1,22,0.025933333333333346,0.06040000000000002,0.0005097139952782888,0.8892697363633327
72,1,23,0.034533333333333346,0.04986666666666668,0.0006268866941969114,0.8762819341935008
72,1,24,0.04113333333333335,0.04180000000000001,0.0007674477148714023,0.8653694484121953
72,1,25,0.050200000000000015,0.03120000000000001,0.0009253029105187334,0.8523017731887812
72,1,26,0.061933333333333354,0.02433333333333334,0.0011095865147146924,0.8385736443515454
72,1,27,0.07220000000000004,0.020533333333333337,0.0013428676480674237,0.8247638775624413
72,1,28,0.09040000000000004,0.015533333333333338,0.001631421991992459,0.8079667834877727
72,1,29,0.11260000000000002,0.009533333333333335,0.0019772138647254026,0.7922588428364034
72,1,30,0.13399999999999998,0.007266666666666669,0.002384071631500647,0.7732041456051573
72,1,31,0.15180000000000005,0.006800000000000002,0.0028779264889556475,0.7542546113203129
72,1,32,0.16986666666666672,0.004866666666666667,0.0034569042213026184,0.7345414209652527
72,1,33,0.1888,0.0030666666666666676,0.0041085498623791095,0.7139181733277571
72,1,34,0.20920000000000002,0.0027333333333333337,0.00507110446921004,0.6894736182270491
72,1,35,0.23893333333333333,0.0020666666666666667,0.006038483494087792,0.664866780024911
72,3,0,0.0,0.8862,1.0435307770156602e-05,0.9690534401814147
72,3,1,6.666666666666667e-05,0.8110666666666668,1.2025294948610512e-05,0.9648430929631304
72,3,2,6.666666666666667e-05,0.7234666666666666,1.6078677343335308e-05,0.9600158291315737
72,3,3,0.00013333333333333334,0.6188,2.0688744154594908e-05,0.9544124317354873
72,3,4,0.0003333333333333333,0.5235333333333333,2.6298679159676897e-05,0.9485815278824948
72,3,5,0.00046666666666666666,0.4188000000000001,3.250340346984076e-05,0.9426094585107995
72,3,6,0.0009333333333333334,0.3290666666666666,4.018607893368531e-05,0.9353851585702309
72,3,7,0.0009333333333333332,0.2516666666666667,5.126050499556266e-05,0.9270497552047482
72,3,8,0.0016,0.18220000000000006,6.560351504105976e-05,0.9176375954117686
72,3,9,0.0020000000000000005,0.14259999999999995,8.319600008310158e-05,0.9074424525347091
72,3,10,0.0030000000000000014,0.09579999999999998,9.616753495122369e-05,0.8968636548260794
72,3,11,0.003466666666666667,0.07026666666666667,0.00012178818945831115,0.8864262209532394
72,3,12,0.005066666666666667,0.047000000000000014,0.00015340900297835345,0.8727540104783332
72,3,13,0.006866666666666669,0.03580000000000001,0.00019666844059062127,0.858645545392726
72,3,14,0.011800000000000003,0.022333333333333337,0.00023343180108221934,0.8457552678877607
72,3,15,0.014133333333333336,0.01753333333333334,0.00030458744435605617,0.8292662428661818
72,3,16,0.019733333333333335,0.01246666666666667,0.0003752059204646333,0.8110015514385202
72,3,17,0.02533333333333334,0.0068000000000000005,0.00044089014342582974,0.7927673283795027
72,3,18,0.029800000000000007,0.004866666666666668,0.0005496030588431869,0.773442373439747
72,3,19,0.04080000000000002,0.0038000000000000004,0.0006850322938844037,0.7525206533555718
72,3,20,0.05480000000000002,0.002800000000000001,0.000846357081521436,0.7305681196682556
72,3,21,0.07133333333333335,0.0016,0.0010249206798117981,0.703791510651351
72,3,22,0.08146666666666665,0.0012000000000000001,0.001254629282644667,0.6825259599616884
72,3,23,0.09960000000000001,0.0009333333333333334,0.0015261732102496988,0.6556799997601543
72,3,24,0.1254,0.0006000000000000001,0.0018468272521550504,0.6285554517483732
72,3,25,0.146,0.00046666666666666666,0.0023477362469090366,0.6012455029981566
72,3,26,0.16826666666666668,0.0004,0.0027748784127281717,0.5705029366231616
72,3,27,0.19220000000000004,0.0003333333333333333,0.0034336577116480635,0.5418036664642546
72,3,28,0.22679999999999997,0.00013333333333333334,0.004097144824109949,0.5119715229751421
72,3,29,0.25766666666666665,0.0002666666666666667,0.0050854298903167255,0.47914039114739587
72,3,30,0.2854,6.666666666666667e-05,0.006108329004710063,0.44890509150982993
72,3,31,0.32426666666666665,6.666666666666667e-05,0.00726233579302718,0.42205058873892953
72,3,32,0.36253333333333326,6.666666666666667e-05,0.008838212226753104,0.3880359489858182
72,3,33,0.4066666666666666,6.666666666666667e-05,0.010671277220814644,0.35853067443968545
72,3,34,0.4512666666666666,6.666666666666667e-05,0.012941446322103138,0.3261315602717606
72,3,35,0.4945333333333333,0.0,0.015174027927251628,0.2984954476113577
72,5,0,0.0002,0.8366666666666667,3.174888747779027e-05,0.9524536713205298
72,5,1,0.0002,0.7386,4.228651082417063e-05,0.9455292930578363
72,5,2,0.00046666666666666666,0.6248666666666666,5.097963032640682e-05,0.9385981063503361
72,5,3,0.0006000000000000001,0.5028,6.376808863483267e-05,0.9301328746306586
72,5,4,0.0006666666666666668,0.38600000000000007,7.062502327248749e-05,0.9214898618611362
72,5,5,0.0012666666666666668,0.2886666666666667,0.00010209220105024524,0.9113288883588869
72,5,6,0.0022666666666666673,0.2077333333333333,0.00011395712036418164,0.8993713082657643
72,5,7,0.0029333333333333342,0.14126666666666665,0.00014043916362065797,0.8881279624301873
72,5,8,0.003933333333333334,0.09346666666666667,0.00017078158038373668,0.874238142855584
72,5,9,0.005533333333333335,0.06860000000000001,0.00021304471505668437,0.8619384119313478
72,5,10,0.007733333333333334,0.04113333333333335,0.00026435878463447205,0.8439990021934978
72,5,11,0.00926666666666667,0.029266666666666677,0.00032265912928229883,0.8275717662486265
72,5,12,0.014800000000000006,0.01913333333333334,0.0003692448465192024,0.8107764535994555
72,5,13,0.01646666666666667,0.014266666666666669,0.0004727545736081371,0.7907327907687158
72,5,14,0.02240000000000001,0.009333333333333336,0.0005906523907297241,0.7668087721016984
72,5,15,0.03213333333333335,0.0062000000000000015,0.0007471376522004964,0.7445905518933511
72,5,16,0.04166666666666668,0.003133333333333334,0.000853737015712907,0.7244782586602745
72,5,17,0.05226666666666669,0.002666666666666667,0.0010961475318659562,0.6992483561503698
72,5,18,0.0700666666666667,0.0009333333333333334,0.0013221323254203954,0.6700444883775365
72,5,19,0.08160000000000002,0.0010000000000000002,0.001606146639750536,0.644187973954029
72,5,20,0.10339999999999998,0.0006666666666666668,0.00200410596576398,0.6168563048043259
72,5,21,0.12106666666666667,0.0002,0.0024106943574879833,0.5851371285969503
72,5,22,0.15086666666666668,0.0003333333333333333,0.002899860702468107,0.5580309828970715
72,5,23,0.18113333333333334,0.00013333333333333334,0.0033649845473497915,0.5262473786975969
72,5,24,0.21406666666666663,6.666666666666667e-05,0.004104226210461776,0.4978784071417554
72,5,25,0.25166666666666676,0.0,0.005179039881420946,0.4671807203455018
72,5,26,0.28426666666666667,0.0,0.006133922832526778,0.43395472108923605
72,5,27,0.31966666666666665,6.666666666666667e-05,0.0074087627541272955,0.4041709205334146
72,5,28,0.3622,6.666666666666667e-05,0.008777216503507877,0.3700959964166311
72,5,29,0.4053333333333333,0.0,0.010521953024088525,0.3408368446065212
72,5,30,0.4474,6.666666666666667e-05,0.012511548252448419,0.31011150991968733
72,5,31,0.49093333333333333,0.0,0.014999229016681825,0.28680932196079206
72,5,32,0.5354666666666666,0.0,0.01828042846070021,0.2568970081301434
72,5,33,0.5836000000000001,0.0,0.02138544063190907,0.22760335653700714
72,5,34,0.6285999999999999,0.0,0.025646926595646536,0.2020673397607178
72,5,35,0.6774000000000001,0.0,0.030060777752020974,0.17990214745285088
72,7,0,0.00013333333333333334,0.7678,3.585489498691943e-05,0.9305746815634011
72,7,1,0.00013333333333333334,0.6475333333333334,4.4809973956926045e-05,0.9216662368506775
72,7,2,0.0002666666666666667,0.5064,5.535491314954163e-05,0.9115332283168749
72,7,3,0.0005333333333333334,0.3744666666666668,6.666563572508564e-05,0.8990133295433496
72,7,4,0.0008000000000000003,0.26499999999999996,8.13999963645503e-05,0.886974704142235
72,7,5,0.001,0.17980000000000002,0.00011231497077904208,0.8721338057397022
72,7,6,0.0016666666666666668,0.11093333333333333,0.00014355531739001384,0.857864814253718
72,7,7,0.003333333333333334,0.07186666666666668,0.0001673876095840153,0.8393695019441326
72,7,8,0.004000000000000001,0.04253333333333335,0.00019783247995750915,0.8231179243006694
72,7,9,0.005533333333333335,0.027066666666666673,0.00027322023324492713,0.8023955686629006
72,7,10,0.008933333333333337,0.015466666666666672,0.00031247662773551175,0.7817852559882945
72,7,11,0.01126666666666667,0.010600000000000002,0.0003959468634751153,0.7582184970155617
72,7,12,0.016866666666666672,0.005600000000000002,0.00047592652573762715,0.7378020018939414
72,7,13,0.02013333333333334,0.0038,0.0006500494054932972,0.7119239685308675
72,7,14,0.029866666666666684,0.0018666666666666669,0.0007712334930372935,0.6884996251607673
72,7,15,0.04253333333333335,0.0013333333333333335,0.0009079773455523876,0.6578788320243457
72,7,16,0.05093333333333335,0.001,0.0010872249601822654,0.6319982806418901
72,7,17,0.06953333333333336,0.0006666666666666668,0.0013636738088132867,0.5978360242341777
72,7,18,0.086,0.0003333333333333333,0.0016470416754164065,0.572656852629867
72,7,19,0.10606666666666667,0.0002,0.0021314304419302456,0.5423137039723903
72,7,20,0.1344,0.0002,0.002403758309116676,0.5077744585272311
72,7,21,0.16740000000000002,0.0,0.002935168780729457,0.47656453319426856
72,7,22,0.19853333333333337,0.0,0.0037163628945001905,0.4439385853409194
72,7,23,0.23113333333333339,6.666666666666667e-05,0.0043529319589945045,0.4128958213674351
72,7,24,0.2605333333333334,6.666666666666667e-05,0.005624879393237705,0.38000057090912737
72,7,25,0.29886666666666667,6.666666666666667e-05,0.006622333388476035,0.34966172543923346
72,7,26,0.345,0.0,0.007806080872657393,0.31620803951174487
72,7,27,0.39113333333333333,0.0,0.009750558042991011,0.28855522414028895
72,7,28,0.4355333333333334,0.0,0.011466644093988596,0.257322664922165
72,7,29,0.4778666666666667,0.0,0.013625010883244975,0.22991590582370802
72,7,30,0.5302666666666666,0.0,0.01663194632332145,0.20535499124200224
72,7,31,0.5614,0.0,0.02017761087691233,0.18150022273588926
72,7,32,0.6161333333333333,0.0,0.02394667481727465,0.15944733815369835
72,7,33,0.6627999999999997,0.0,0.028404325149972695,0.13813922774601853
72,7,34,0.7065333333333333,0.0,0.03399560552773699,0.12115689443027099
72,7,35,0.7501999999999999,0.0,0.03915944408355902,0.1027332948756848
72,9,0,6.666666666666667e-05,0.7326666666666666,4.639384910773403e-05,0.9082311593529976
72,9,1,6.666666666666667e-05,0.5722666666666666,6.728306392737321e-05,0.895977005481012
72,9,2,0.0002666666666666667,0.42786666666666656,6.791315422911187e-05,0.8825911445814106
72,9,3,0.0003333333333333333,0.2968666666666666,9.269997109014021e-05,0.8671262096017355
72,9,4,0.0006000000000000001,0.19260000000000008,0.00011929144589977882,0.8520496959617504
72,9,5,0.0010000000000000002,0.11446666666666666,0.00014414495102380072,0.8359303056047253
72,9,6,0.0017333333333333337,0.06340000000000001,0.00019896071093289578,0.8151574019015999
72,9,7,0.003933333333333334,0.038000000000000006,0.00020143468250864138,0.796965400311055
72,9,8,0.004866666666666668,0.019800000000000005,0.00025150885028561,0.7730534849283457
72,9,9,0.0072000000000000015,0.011733333333333337,0.0003322945034733813,0.7487421745769146
72,9,10,0.010666666666666668,0.006200000000000001,0.00040153079645304456,0.7244825096297928
72,9,11,0.016333333333333335,0.0028666666666666675,0.0005463053519844883,0.6948825048525038
72,9,12,0.022666666666666672,0.0012666666666666668,0.0006042914305661489,0.6698514488353784
72,9,13,0.030333333333333334,0.0010000000000000002,0.0007528297390157289,0.6431878820381716
72,9,14,0.03640000000000001,0.0006000000000000001,0.0009293220533418697,0.6140977270883267
72,9,15,0.048200000000000014,0.0004,0.0011195737231673808,0.5808371070095465
72,9,16,0.05953333333333336,0.0002666666666666667,0.0013717266981441087,0.5478396480502984
72,9,17,0.08066666666666668,6.666666666666667e-05,0.0016681753666324118,0.5132989732453143
72,9,18,0.09793333333333336,6.666666666666667e-05,0.00213564729989385,0.4810881489444519
72,9,19,0.12360000000000002,0.0,0.0024974552490250514,0.4490344798802493
72,9,20,0.14166666666666666,6.666666666666667e-05,0.0029828957252564558,0.4125948417763385
72,9,21,0.17439999999999997,0.0,0.00379095908971047,0.3807575223619847
72,9,22,0.20279999999999998,0.0,0.00471266608021256,0.3483176704943464
72,9,23,0.23859999999999995,0.0,0.0053825118383911815,0.31605449715804673
72,9,24,0.2782666666666666,0.0,0.006862902383953982,0.2815330316771435
72,9,25,0.32339999999999997,0.0,0.008100825637533397,0.2553688223875048
72,9,26,0.3727333333333334,0.0,0.009399580143714023,0.22764202018554558
72,9,27,0.4096000000000001,0.0,0.011726935998560832,0.19922276094951094
72,9,28,0.45433333333333337,0.0,0.014185039205912965,0.17605063378042132
72,9,29,0.5249333333333334,0.0,0.016434906853727414,0.15131039017471853
72,9,30,0.57,0.0,0.0198535586288336,0.1333109723585834
72,9,31,0.6104666666666666,0.0,0.023890548710869132,0.1110607800388743
72,9,32,0.6662666666666667,0.0,0.028584637860564106,0.0971912742713508
72,9,33,0.7169333333333332,0.0,0.033688975202101644,0.08223044326991645
72,9,34,0.7574666666666664,0.0,0.04084007335416243,0.06962651164107926
72,9,35,0.7933333333333332,0.0,0.048677087919512314,0.05581511385726885
72,11,0,6.666666666666667e-05,0.7114,5.93567757941663e-05,0.9045488400475825
72,11,1,0.00013333333333333334,0.552,6.976089030277692e-05,0.8920593278867857
72,11,2,0.0006000000000000001,0.3977333333333332,9.089146402804485e-05,0.878470577327746
72,11,3,0.0004,0.2680666666666667,0.0001168999572302982,0.862847465857116
72,11,4,0.0012000000000000001,0.1745333333333333,0.00014423324505467044,0.8459701736954245
72,11,5,0.0016666666666666668,0.10200000000000002,0.00016541947437951975,0.8268627008367115
72,11,6,0.0031333333333333348,0.06260000000000002,0.0002270932417283066,0.806919231230672
72,11,7,0.004266666666666668,0.033800000000000004,0.0002755094560836451,0.7867723057884504
72,11,8,0.007200000000000002,0.019266666666666668,0.00033497470115420813,0.7654827017211088
72,11,9,0.009000000000000003,0.011933333333333336,0.0003960655732496374,0.740958824888686
72,11,10,0.01273333333333334,0.006733333333333333,0.00048684280811544275,0.7144097641009322
72,11,11,0.019400000000000004,0.0032666666666666664,0.0005763508345132528,0.685294156890089
72,11,12,0.02606666666666668,0.0014,0.0007753692204426762,0.6572891311800834
72,11,13,0.03626666666666668,0.0010666666666666667,0.0009013513670085058,0.626126078512605
72,11,14,0.045266666666666684,0.0011333333333333334,0.0011078521570922,0.5940456455959604
72,11,15,0.05860000000000002,0.0006666666666666668,0.0013560695119748834,0.5640166082015816
72,11,16,0.07040000000000002,0.0003333333333333333,0.0016134246985521727,0.5304028975046632
72,11,17,0.09213333333333336,0.0004,0.00211984145320574,0.4983107429875906
72,11,18,0.11506666666666668,6.666666666666667e-05,0.002516175705610199,0.46312913997324767
72,11,19,0.13753333333333334,0.0,0.00306101619091933,0.4284615353371563
72,11,20,0.1712,6.666666666666667e-05,0.0035251671120386952,0.3972134880725646
72,11,21,0.20420000000000008,6.666666666666667e-05,0.004520423244211138,0.36503267910691917
72,11,22,0.23973333333333327,0.0,0.005476020227275336,0.332490106435199
72,11,23,0.27926666666666666,0.0,0.006702489998184384,0.30230339998555483
72,11,24,0.32013333333333344,0.0,0.007700751734506645,0.2664885580919196
72,11,25,0.3628666666666666,0.0,0.009792209624178188,0.24361511259577542
72,11,26,0.42419999999999997,0.0,0.01139501099632911,0.21393498325141858
72,11,27,0.46460000000000007,0.0,0.014110854796502707,0.1890886098862212
72,11,28,0.5146,0.0,0.016806308021874574,0.16405739172127878
72,11,29,0.5652666666666666,0.0,0.02091860963051607,0.14447087209176265
72,11,30,0.6055333333333334,0.0,0.023777189029975013,0.12478523733431972
72,11,31,0.6644,0.0,0.028922457820238653,0.10503386244113039
72,11,32,0.7063333333333334,0.0,0.03452615403756354,0.09310180698384897
72,11,33,0.7530666666666668,0.0,0.04051605030617007,0.07697949887343
72,11,34,0.7939999999999999,0.0,0.04886837306146658,0.0640070475480845
72,11,35,0.8208,0.0,0.05675464616719438,0.05440047937278185
72,13,0,0.00013333333333333334,0.6552000000000001,5.215421087356124e-05,0.8857301863957967
72,13,1,6.666666666666667e-05,0.49239999999999995,6.091630106617591e-05,0.8711531074031502
72,13,2,0.00046666666666666666,0.3414000000000001,8.16182980435772e-05,0.8537343516200164
72,13,3,0.0008000000000000001,0.22386666666666669,0.0001008307449674084,0.8332518435447793
72,13,4,0.0006666666666666666,0.13793333333333335,0.00013257164697820146,0.8172835642133801
72,13,5,0.0014,0.08060000000000002,0.0001624623803523327,0.7968169674398337
72,13,6,0.0024000000000000007,0.04506666666666668,0.00020572368397067875,0.7704035090502892
72,13,7,0.0037333333333333346,0.02600000000000001,0.0002558261839053855,0.7484865438239633
72,13,8,0.005266666666666668,0.0166,0.0003223552799973746,0.7242596469266565
72,13,9,0.008266666666666669,0.008333333333333335,0.00037664443237513204,0.6959901529019029
72,13,10,0.015466666666666668,0.005466666666666667,0.0004778786526335166,0.6673470536278698
72,13,11,0.01853333333333334,0.0028666666666666675,0.0006080883077134651,0.637326108038338
72,13,12,0.029800000000000007,0.0011333333333333334,0.0006958326336829968,0.6060515411949781
72,13,13,0.03573333333333335,0.0014,0.0009212177375341232,0.5706050823268376
72,13,14,0.04506666666666668,0.0008,0.001140528764209995,0.5406754265761344
72,13,15,0.06273333333333335,0.0003333333333333333,0.0013842464096154865,0.5071945158129912
72,13,16,0.07933333333333335,0.0004,0.0017281450148505626,0.4760372927394923
72,13,17,0.09706666666666665,0.0,0.0021274627483222333,0.4375725649609407
72,13,18,0.12639999999999998,6.666666666666667e-05,0.002747490848203612,0.40350331507636955
72,13,19,0.1514666666666667,0.00013333333333333334,0.003193114710247297,0.36884663546128066
72,13,20,0.18920000000000003,6.666666666666667e-05,0.003842554166951735,0.33588864597060414
72,13,21,0.22253333333333333,0.0,0.004827013432308835,0.3096604785506861
72,13,22,0.2628666666666667,0.0,0.0059111255016767,0.2744444532432801
72,13,23,0.3086666666666666,6.666666666666667e-05,0.0070324324170236985,0.24698913109150136
72,13,24,0.359,0.0,0.008626632734795532,0.21908978608278448
72,13,25,0.4055999999999999,6.666666666666667e-05,0.010617773830679161,0.1948219820597341
72,13,26,0.4555333333333333,0.0,0.01296102555884684,0.17192181516380398
72,13,27,0.5099333333333333,0.0,0.015087323557674325,0.1453510540771467
72,13,28,0.5665333333333333,0.0,0.018520493296708226,0.12951913295222195
72,13,29,0.6217333333333335,0.0,0.0219491967632556,0.1094835858003194
72,13,30,0.6730666666666667,0.0,0.02702968244647721,0.09759974222473662
72,13,31,0.7214666666666665,0.0,0.03235545427226424,0.07758467981412434
72,13,32,0.7739333333333333,0.0,0.03795440841513276,0.0686073711438619
72,13,33,0.8141333333333335,0.0,0.0464876765218744,0.05639593326764263
72,13,34,0.8528666666666668,0.0,0.055081263493840446,0.04867901563028679
72,13,35,0.8842666666666669,0.0,0.06728145799516863,0.038347987807801014
80,1,0,0.0,0.9771333333333333,1.59657199471445e-06,0.9940831136839765
80,1,1,6.666666666666667e-05,0.9575333333333332,2.1268401705376825e-06,0.9932436754049868
80,1,2,0.0,0.9308666666666665,2.4960291459489552e-06,0.9922360784771431
80,1,3,0.0,0.8964,3.608901153688565e-06,0.991026499610028
80,1,4,6.666666666666667e-05,0.86,3.6568979445292565e-06,0.9898539205774864
80,1,5,6.666666666666667e-05,0.8112666666666668,4.7609964139361995e-06,0.9885264160812401
80,1,6,0.0,0.7465999999999998,5.904617151342185e-06,0.9868671704001407
80,1,7,0.00013333333333333334,0.6880666666666666,6.9910966418616805e-06,0.985078737141334
80,1,8,0.0003333333333333333,0.6250666666666667,9.658121299722751e-06,0.9835016985547537
80,1,9,0.0004,0.5626666666666668,1.1462331470163598e-05,0.9813375719084544
80,1,10,0.0012000000000000001,0.5000666666666665,1.4270023954995806e-05,0.9788329063830744
80,1,11,0.0005333333333333334,0.4353333333333333,1.679249042510966e-05,0.9764325805595747
80,1,12,0.0009333333333333336,0.3811333333333334,2.183878785751241e-05,0.9735382180448907
80,1,13,0.0013333333333333333,0.3157333333333332,2.552671741163572e-05,0.97040785688881
80,1,14,0.0021333333333333334,0.2809999999999999,3.239474428472557e-05,0.9670383531841307
80,1,15,0.0022666666666666673,0.22666666666666674,4.06386141159001e-05,0.9632493830499894
80,1,16,0.004733333333333334,0.1938,5.0108547205125405e-05,0.9585808454212134
80,1,17,0.0058666666666666685,0.15506666666666666,6.0365229559628294e-05,0.9543036231040638
80,1,18,0.0058000000000000005,0.12466666666666668,7.607466340981333e-05,0.9489094787136232
80,1,19,0.00846666666666667,0.1042666666666667,8.54991999061749e-05,0.9434208119584753
80,1,20,0.01126666666666667,0.08073333333333335,0.00010647889758757674,0.9374392020378889
80,1,21,0.01266666666666667,0.06933333333333334,0.00013359817231334975,0.9310020597251003
80,1,22,0.0164,0.057133333333333355,0.0001517042482358113,0.9234827510381136
80,1,23,0.023466666666666674,0.043400000000000015,0.00018761597590551498,0.9160052904681897
80,1,24,0.02700000000000001,0.034600000000000006,0.00023022097399885057,0.9075092257287614
80,1,25,0.031533333333333344,0.027600000000000003,0.0002882316909662355,0.8976927901342813
80,1,26,0.03700000000000001,0.02193333333333334,0.00032578952286116376,0.8881676385646089
80,1,27,0.04486666666666667,0.018000000000000002,0.00042021562384527095,0.8769858436071508
80,1,28,0.056000000000000015,0.013933333333333334,0.0004959837108027107,0.8677282366339318
80,1,29,0.06533333333333334,0.011266666666666668,0.0005857671714615543,0.8552418482213031
80,1,30,0.07573333333333336,0.007333333333333334,0.0007265255428806097,0.8412369043783539
80,1,31,0.08800000000000001,0.007333333333333334,0.0008507937409626602,0.8280456645628312
80,1,32,0.10113333333333333,0.004600000000000002,0.0010057885346981183,0.812313640268515
80,1,33,0.1116,0.004133333333333334,0.0012367730565922823,0.7966671081737968
80,1,34,0.12420000000000003,0.003266666666666667,0.0014738632468564554,0.7796598997514751
80,1,35,0.14126666666666668,0.0017333333333333335,0.0017937156432304003,0.7620186465286864
80,1,36,0.15440000000000004,0.0021333333333333334,0.0020983640623405946,0.7421193547059939
80,1,37,0.1758,0.0011333333333333334,0.0026626555949183436,0.7225630440366865
80,1,38,0.2096666666666667,0.0011333333333333334,0.0030948238564766787,0.7015020702754261
80,1,39,0.22646666666666668,0.0003333333333333333,0.003670162967032515,0.6806640595317236
80,3,0,0.0,0.9313333333333333,4.080635625303993e-06,0.9809288304697287
80,3,1,0.0,0.8794000000000001,5.748778625792421e-06,0.9782452207374287
80,3,2,0.0,0.8158666666666665,7.712868093649116e-06,0.9750463732356983
80,3,3,0.0002,0.7285333333333333,8.31086947033135e-06,0.9716573208032103
80,3,4,6.666666666666667e-05,0.6475333333333333,1.0862192030396672e-05,0.9679805858898735
80,3,5,0.0002,0.5568666666666666,1.257461808963621e-05,0.9636836983444738
80,3,6,0.0004,0.46933333333333327,1.7137460138103786e-05,0.9599727943459031
80,3,7,0.0005333333333333334,0.38846666666666657,1.8968354331242473e-05,0.9543822504409969
80,3,8,0.0005333333333333334,0.3117999999999999,2.3054105788671033e-05,0.9483566700301902
80,3,9,0.0010666666666666667,0.24259999999999998,3.0241844758223263e-05,0.9424903426619529
80,3,10,0.0012000000000000001,0.19453333333333334,3.661960655155298e-05,0.9357762331629613
80,3,11,0.0015333333333333338,0.1461333333333333,4.411144458667625e-05,0.9279530735426689
80,3,12,0.0026000000000000007,0.10886666666666668,5.8139714389416506e-05,0.9196233400622816
80,3,13,0.004600000000000001,0.08173333333333334,6.860802449433275e-05,0.9093925109147337
80,3,14,0.005066666666666667,0.060266666666666684,8.476732254167047e-05,0.8994664034970227
80,3,15,0.007333333333333334,0.04740000000000001,9.707538933996862e-05,0.8901241543035981
80,3,16,0.009400000000000002,0.0322,0.00012455716341027912,0.8791708945337767
80,3,17,0.012000000000000004,0.025533333333333342,0.00016636654161638947,0.8654941324873462
80,3,18,0.015133333333333339,0.016866666666666665,0.00018649862285106337,0.8524855689627633
80,3,19,0.02186666666666667,0.013800000000000002,0.00022775651074154765,0.8384488419350741
80,3,20,0.025133333333333344,0.008933333333333333,0.00027695566378438814,0.8218980744160201
80,3,21,0.031133333333333343,0.007666666666666666,0.00034850306284968293,0.8045849959040691
80,3,22,0.04080000000000002,0.005466666666666667,0.0004240215334347412,0.7872798136194239
80,3,23,0.04313333333333335,0.004600000000000001,0.000501698031130964,0.7656144304676812
80,3,24,0.05466666666666669,0.0038000000000000004,0.0006298468982798919,0.7471280609216525
80,3,25,0.06673333333333335,0.0030666666666666668,0.0007082421321109148,0.7308775154135233
80,3,26,0.07759999999999999,0.0016000000000000003,0.000889918846553452,0.7044933668852337
80,3,27,0.09600000000000002,0.0012666666666666666,0.0010368382136025482,0.6839736806761126
80,3,28,0.10793333333333334,0.0012000000000000001,0.0013485136560545297,0.6595624826628911
80,3,29,0.12880000000000003,0.001,0.0015803221253643065,0.6314723062243562
80,3,30,0.15280000000000002,0.0007333333333333334,0.001918821669679056,0.6065110146039623
80,3,31,0.17573333333333332,0.0004,0.002377254676000863,0.5812467096247513
80,3,32,0.20026666666666673,0.0004,0.0026888149655136463,0.5606257795551506
80,3,33,0.2296,0.00046666666666666666,0.003267753415788124,0.5245725776792307
80,3,34,0.26393333333333335,0.0003333333333333333,0.0039178491280815065,0.49512035193929527
80,3,35,0.3001333333333333,0.0002,0.0045816455814729744,0.4704622941096805
80,3,36,0.33053333333333335,0.0002666666666666667,0.00557586775010944,0.4377555368417171
80,3,37,0.36793333333333333,0.00013333333333333334,0.006744901801406633,0.41593372892646047
80,3,38,0.3936666666666666,6.666666666666667e-05,0.007965158658402947,0.38343354016476816
80,3,39,0.43553333333333344,0.00013333333333333334,0.009537568175161808,0.35379031586161097
80,5,0,6.666666666666667e-05,0.8895333333333334,7.79621460579738e-06,0.9698721776702913
80,5,1,6.666666666666667e-05,0.8154666666666667,1.040161732936769e-05,0.9657138586774313
80,5,2,0.0,0.7174666666666667,1.230460937551455e-05,0.9605448319816993
80,5,3,0.0,0.6127333333333334,1.644817758591741e-05,0.9553847343336646
80,5,4,0.0,0.5038666666666667,1.8012415340039833e-05,0.9492514626328379
80,5,5,0.0003333333333333333,0.4046,2.3326825732547358e-05,0.9426944216533076
80,5,6,0.00046666666666666666,0.31840000000000007,3.110606041144162e-05,0.9344294863163192
80,5,7,0.0003333333333333333,0.2348666666666667,3.352825624183167e-05,0.9264978315714949
80,5,8,0.0010666666666666667,0.16706666666666664,4.591352781490083e-05,0.9187427532418115
80,5,9,0.0014,0.12319999999999998,6.351452177212377e-05,0.9090440337569199
80,5,10,0.002133333333333334,0.08453333333333335,6.908344642323714e-05,0.8979844202795084
80,5,11,0.0025333333333333336,0.05873333333333334,7.992986394130039e-05,0.8866125182558711
80,5,12,0.003866666666666667,0.03906666666666668,0.00010225945436356695,0.8752464773533251
80,5,13,0.005933333333333335,0.027333333333333338,0.00012501938784898194,0.8605223841559206
80,5,14,0.007200000000000002,0.021466666666666672,0.00016689466771589555,0.8466713111491891
80,5,15,0.010933333333333338,0.012066666666666668,0.0001850072313578548,0.8294214444479812
80,5,16,0.014200000000000006,0.008466666666666667,0.00023929553934264356,0.8131629299038811
80,5,17,0.020200000000000006,0.005799999999999999,0.0002967875718754821,0.7941680160494737
80,5,18,0.024866666666666672,0.0044666666666666665,0.0003705687528487427,0.7766115340865921
80,5,19,0.03293333333333335,0.0027333333333333337,0.0004185950621015611,0.7540113364205643
80,5,20,0.040466666666666685,0.0028,0.0005028414979879392,0.7326670649303951
80,5,21,0.054400000000000025,0.0014,0.0006485826387312703,0.7086168593256796
80,5,22,0.06786666666666669,0.0010666666666666667,0.000763583512473712,0.6839181262290629
80,5,23,0.08433333333333337,0.0007333333333333333,0.0009531455872350617,0.6571545852696391
80,5,24,0.10193333333333335,0.0006000000000000001,0.0012113949584931776,0.6344520683023516
80,5,25,0.11620000000000001,0.0002666666666666667,0.001396391785599449,0.6055183200457581
80,5,26,0.14719999999999997,6.666666666666667e-05,0.0016795056428280805,0.5772003327227503
80,5,27,0.162,0.0002666666666666667,0.002045801514196807,0.5457589303268253
80,5,28,0.1942,0.0003333333333333333,0.0024210002104880658,0.5200030670179323
80,5,29,0.21973333333333336,0.00013333333333333334,0.0029803568101390812,0.4911919216968254
80,5,30,0.2548,6.666666666666667e-05,0.0035513234489956873,0.4628459802205404
80,5,31,0.2845333333333333,6.666666666666667e-05,0.004297606017923481,0.42990508585307463
80,5,32,0.31960000000000005,0.0,0.0051607469966315316,0.3972636059033199
80,5,33,0.3690666666666667,0.0,0.006159788475607454,0.3691054706558854
80,5,34,0.39086666666666664,6.666666666666667e-05,0.007402958676838971,0.3379879130286979
80,5,35,0.43379999999999996,0.0,0.008806576270389558,0.3117858514636416
80,5,36,0.4774666666666667,0.0,0.010565257683118813,0.28379306649740216
80,5,37,0.5300666666666668,0.0,0.012674485117838597,0.2593168423181446
80,5,38,0.5773333333333335,0.0,0.015094377033225368,0.23075576978721474
80,5,39,0.6235999999999998,0.0,0.017784121696605315,0.20510349312789797
80,7,0,0.0,0.8488666666666665,1.1523211710025473e-05,0.9567035054997906
80,7,1,0.00013333333333333334,0.7566000000000002,1.347565101200427e-05,0.9511038276267433
80,7,2,0.00013333333333333334,0.6422666666666667,1.606999529324275e-05,0.9439587078503168
80,7,3,6.666666666666667e-05,0.5227999999999999,1.9801096420951077e-05,0.9360368364413756
80,7,4,0.0003333333333333333,0.3988666666666666,2.4869890243378156e-05,0.9283402733172631
80,7,5,0.00013333333333333334,0.30213333333333325,3.2128877024810815e-05,0.9202811393022882
80,7,6,0.0004,0.217,4.038599258227087e-05,0.9082297548562205
80,7,7,0.0010666666666666667,0.1503333333333333,5.3979697391422855e-05,0.8989107600637162
80,7,8,0.0016000000000000003,0.09373333333333332,5.701597758458557e-05,0.8878320858764785
80,7,9,0.0020666666666666667,0.06813333333333335,7.613211332547624e-05,0.8747346553501313
80,7,10,0.0028000000000000013,0.04066666666666668,8.717449472409886e-05,0.8593643063652154
80,7,11,0.004066666666666667,0.026800000000000004,0.0001192828563541002,0.8434534423585124
80,7,12,0.006466666666666667,0.017466666666666672,0.00013859362393962136,0.8275083285483
80,7,13,0.007933333333333334,0.009666666666666667,0.00016837999116097428,0.8101992590384074
80,7,14,0.009733333333333337,0.006599999999999999,0.0002217972305112247,0.7912002618941989
80,7,15,0.014866666666666669,0.004600000000000002,0.0002486879023307191,0.769764190701729
80,7,16,0.019000000000000006,0.002933333333333334,0.00031892864360970937,0.7494612458988227
80,7,17,0.026800000000000004,0.0016000000000000005,0.0003954500629360978,0.7233444618103971
80,7,18,0.033200000000000014,0.0012666666666666668,0.00046264036642107344,0.7043921448625564
80,7,19,0.040200000000000014,0.0006666666666666666,0.0005877305285719238,0.6763664003710611
80,7,20,0.05113333333333336,0.0006666666666666666,0.0007282406250097699,0.6512052626868201
80,7,21,0.06746666666666669,0.0002666666666666667,0.0008106068004275263,0.6229231588309321
80,7,22,0.08120000000000001,0.0002,0.0009734558311337256,0.5947001333587615
80,7,23,0.09553333333333337,0.0002666666666666667,0.0012763186549473737,0.5634649755863521
80,7,24,0.11553333333333335,0.00013333333333333334,0.0015061388276047048,0.5361831305589785
80,7,25,0.13986666666666667,6.666666666666667e-05,0.0018743246533544859,0.5064248751584874
80,7,26,0.16246666666666668,0.0,0.0022975308513031117,0.47560609894274075
80,7,27,0.1986,0.0,0.002614435713016318,0.4429179934462141
80,7,28,0.2304666666666667,0.0,0.0030680243067933727,0.4127398843284986
80,7,29,0.2616666666666667,0.0,0.004022261738062896,0.3796012340239786
80,7,30,0.30160000000000003,0.0,0.004596591680139374,0.353475117362122
80,7,31,0.3416,6.666666666666667e-05,0.005617198756674368,0.32550150386192844
80,7,32,0.3796,0.0,0.0066453053572200155,0.29705228006444684
80,7,33,0.4212,0.0,0.008191290036106285,0.2677947785037971
80,7,34,0.47226666666666656,0.0,0.009538628797014793,0.2421678387964201
80,7,35,0.5101333333333334,0.0,0.011127805814645219,0.21433536687783616
80,7,36,0.5546666666666666,0.0,0.013208346693258367,0.19232223757513242
80,7,37,0.5890000000000001,0.0,0.016820686429375162,0.17276892454160236
80,7,38,0.6357999999999999,0.0,0.01969249114400132,0.1491960233361059
80,7,39,0.6881333333333333,0.0,0.022853969877221315,0.13117438511660226
80,9,0,0.0,0.7889333333333333,1.4180099483522513e-05,0.9471291752928509
80,9,1,0.0,0.6774666666666666,2.0585451203648913e-05,0.9399491170912485
80,9,2,0.0,0.5408000000000001,2.154052884805223e-05,0.9325622866254882
80,9,3,0.0004,0.4036,2.6904649618387998e-05,0.9231300173020406
80,9,4,0.0003333333333333333,0.2894,3.504653818909883e-05,0.9126269699883468
80,9,5,0.0004,0.1937333333333333,4.1745521386953754e-05,0.9024514820043287
80,9,6,0.0004,0.12960000000000002,5.742629523774016e-05,0.8896336340998541
80,9,7,0.0012000000000000001,0.07760000000000003,6.415539632213251e-05,0.8782654975628269
80,9,8,0.0018666666666666669,0.04900000000000002,7.917376820825995e-05,0.8623315878413927
80,9,9,0.0026000000000000003,0.029333333333333347,0.00010542783456057808,0.8478426272897275
80,9,10,0.005333333333333335,0.018866666666666674,0.0001292431543366092,0.8284828325910633
80,9,11,0.007200000000000002,0.011666666666666669,0.0001532596433434972,0.8119786157322808
80,9,12,0.007466666666666669,0.005866666666666669,0.00017770323156977638,0.7949801497606175
80,9,13,0.012333333333333337,0.0031333333333333343,0.00023388519858219106,0.774002742476599
80,9,14,0.016733333333333333,0.0016666666666666668,0.000289922173606759,0.7504474012710021
80,9,15,0.024533333333333344,0.0011333333333333334,0.0003622329009200617,0.7259307615790396
80,9,16,0.028133333333333344,0.0014,0.00042594109019975684,0.6982773495144807
80,9,17,0.03826666666666668,0.00013333333333333334,0.0005231315471281289,0.6756939134547013
80,9,18,0.04940000000000002,0.00013333333333333334,0.0006332025458215898,0.6459823537554185
80,9,19,0.06460000000000002,0.0002666666666666667,0.000753401611893634,0.6210637512101724
80,9,20,0.073,0.00013333333333333334,0.0009248638206306437,0.5892483540095307
80,9,21,0.09466666666666666,0.00013333333333333334,0.001116994635108552,0.5597246664957855
80,9,22,0.11446666666666666,6.666666666666667e-05,0.0014261226755333117,0.5283127883608117
80,9,23,0.13546666666666665,0.00013333333333333334,0.0016080420244950953,0.49827700085230137
80,9,24,0.16773333333333332,6.666666666666667e-05,0.0020076498399024824,0.46915577655212715
80,9,25,0.1868666666666667,0.0,0.0024879394789361358,0.4350196949760569
80,9,26,0.22746666666666673,0.0,0.0030766558173253938,0.40263681082522046
80,9,27,0.2644666666666667,6.666666666666667e-05,0.0035951208150786116,0.3719210545331011
80,9,28,0.29300000000000004,0.0,0.004353846500728686,0.33987362399510224
80,9,29,0.34280000000000005,0.0,0.0052573736411318525,0.31280039078209954
80,9,30,0.37373333333333336,0.0,0.0064545660225716565,0.2809663263496142
80,9,31,0.41813333333333336,0.0,0.0076449219927794175,0.25555984787557723
80,9,32,0.46586666666666665,0.0,0.008991511072067993,0.2274086597135655
80,9,33,0.5127333333333335,0.0,0.010681337753068109,0.20572495563208976
80,9,34,0.5578000000000001,0.0,0.012896604261789148,0.18284149628519808
80,9,35,0.6093999999999998,0.0,0.015478659880315859,0.1605054600030668
80,9,36,0.6492,0.0,0.018444136755247798,0.13929950991719453
80,9,37,0.6929333333333335,0.0,0.02206726809902398,0.11890264245550415
80,9,38,0.7316666666666668,0.0,0.026017122827708405,0.10055236764622547
80,9,39,0.7664666666666666,0.0,0.030857528594824938,0.08803673820456458
80,11,0,0.0,0.7687333333333332,2.6928685842618494e-05,0.9315628624103247
80,11,1,6.666666666666667e-05,0.6384666666666667,4.0579842534715354e-05,0.9228562483016204
80,11,2,6.666666666666667e-05,0.5067333333333333,4.6340723466985626e-05,0.9145179224414048
80,11,3,0.0002666666666666667,0.3800666666666666,5.7413465377646976e-05,0.9036067412447639
80,11,4,0.0006000000000000001,0.26593333333333335,6.382555942294648e-05,0.8903075544750941
80,11,5,0.0008000000000000001,0.18406666666666666,8.377870634579432e-05,0.8767900866460041
80,11,6,0.0011333333333333336,0.12246666666666665,0.00010578878727362731,0.8626768170762812
80,11,7,0.0018000000000000004,0.08020000000000001,0.00012274536186648142,0.8470412377499514
80,11,8,0.0033333333333333344,0.055666666666666684,0.00015306141495199084,0.8330091510831164
80,11,9,0.004400000000000001,0.03580000000000001,0.00021837578549508955,0.8108329365034165
80,11,10,0.005666666666666669,0.0234,0.00024243466718857205,0.7908948608039335
80,11,11,0.009133333333333335,0.015666666666666672,0.00028576328742830015,0.7733617488293671
80,11,12,0.010600000000000004,0.010600000000000002,0.0003547427121202349,0.7483291288446426
80,11,13,0.016933333333333342,0.007066666666666668,0.00041784581904650935,0.7283056108680556
80,11,14,0.022866666666666677,0.005266666666666667,0.0005191817907681854,0.700833381513224
80,11,15,0.030333333333333344,0.002866666666666667,0.0005731331225132015,0.6782450307821973
80,11,16,0.03653333333333334,0.002,0.0007204511052699023,0.6490072653676158
80,11,17,0.04433333333333335,0.0016666666666666668,0.0008099529106607098,0.6210004270779658
80,11,18,0.05606666666666669,0.0013333333333333335,0.0010259594407410987,0.5976092275500229
80,11,19,0.07086666666666669,0.00046666666666666666,0.0013025626195026546,0.5657044288262745
80,11,20,0.08680000000000002,0.0005333333333333334,0.0015711971208153062,0.5324981511289612
80,11,21,0.10653333333333337,0.0002,0.001745028215339471,0.5013181608810301
80,11,22,0.12613333333333332,0.00013333333333333334,0.00228281850285375,0.4765784250960861
80,11,23,0.1517333333333334,0.0002,0.002613169710642312,0.4421751541022536
80,11,24,0.17439999999999997,6.666666666666667e-05,0.0032063047836280254,0.41417241517696746
80,11,25,0.2108,6.666666666666667e-05,0.0038152176886747766,0.38562067754845963
80,11,26,0.24146666666666666,6.666666666666667e-05,0.004239462362554274,0.3531185620415775
80,11,27,0.27859999999999996,0.0,0.005124984881626175,0.32776103301754633
80,11,28,0.3084,0.0,0.006121772125834467,0.29510267621755476
80,11,29,0.35259999999999986,0.0,0.0074857529192654815,0.26449780748186197
80,11,30,0.38333333333333336,0.0,0.009191074255824277,0.24791789249969928
80,11,31,0.43126666666666674,0.0,0.009696570397176371,0.2195320031794557
80,11,32,0.4816000000000001,0.0,0.012302981497203429,0.1954881387864507
80,11,33,0.5199333333333335,0.0,0.014636971001843304,0.1742504150938511
80,11,34,0.5670666666666667,0.0,0.017682526292300115,0.15404457077364606
80,11,35,0.6089333333333333,0.0,0.02052353488847209,0.13552819369911745
80,11,36,0.6652,0.0,0.02507861751368027,0.1208460745177853
80,11,37,0.7038,0.0,0.02955001270466702,0.10614710756236573
80,11,38,0.746,0.0,0.0340472185691784,0.09100972852269561
80,11,39,0.7858,0.0,0.03969678366358062,0.08043198016462251
80,13,0,6.666666666666667e-05,0.7355999999999998,2.0807269102562424e-05,0.9238028671087136
80,13,1,6.666666666666667e-05,0.5989333333333333,2.7161318994083626e-05,0.9146197979182519
80,13,2,0.0002666666666666667,0.44500000000000006,3.8774329864197255e-05,0.9025514913585299
80,13,3,0.0002,0.3148000000000001,4.199073174757328e-05,0.8901866673190405
80,13,4,0.0002666666666666667,0.21066666666666664,5.7735826148403454e-05,0.8748369643147201
80,13,5,0.0006000000000000001,0.1331333333333333,6.21183637133598e-05,0.8602518549064972
80,13,6,0.0012666666666666668,0.08466666666666665,8.686251049047004e-05,0.8444747002632135
80,13,7,0.0018666666666666669,0.05000000000000002,0.00012798047409694175,0.8297380815263469
80,13,8,0.0030666666666666676,0.02773333333333334,0.00014357130364195983,0.8088846878545141
80,13,9,0.003666666666666668,0.017400000000000002,0.00017849278402289783,0.7902417012993076
80,13,10,0.005133333333333335,0.009133333333333335,0.00019351459832903944,0.7675919704873421
80,13,11,0.006133333333333335,0.0054,0.00024386063838550804,0.743896430282528
80,13,12,0.010200000000000004,0.0044,0.00026621766434543274,0.7186658730203549
80,13,13,0.014866666666666672,0.002933333333333334,0.0003707260772232523,0.6906916876938176
80,13,14,0.020933333333333342,0.0020666666666666667,0.0004409514074486573,0.6654890096310946
80,13,15,0.026000000000000013,0.0009333333333333334,0.0005257547989197446,0.6351222631782942
80,13,16,0.036266666666666676,0.00046666666666666666,0.0006538780159514656,0.607277685430127
80,13,17,0.045933333333333354,0.0002666666666666667,0.0007432386278134225,0.5801327603415591
80,13,18,0.06133333333333336,0.0005333333333333334,0.0009360482327976621,0.5478838836399618
80,13,19,0.07546666666666667,0.0002666666666666667,0.0011578554024108136,0.5156226396009369
80,13,20,0.09666666666666668,6.666666666666667e-05,0.0013561502585023475,0.481980963879244
80,13,21,0.12000000000000001,6.666666666666667e-05,0.0017321239068788775,0.4499005113084366
80,13,22,0.1383333333333333,0.00013333333333333334,0.001954213442133356,0.42087600059015917
80,13,23,0.16586666666666672,0.0,0.0025294574782800477,0.3853416480360194
80,13,24,0.1945333333333333,6.666666666666667e-05,0.002838090533314614,0.3570705655088021
80,13,25,0.2386,0.0,0.0035982827213710484,0.3245289435182202
80,13,26,0.2793333333333334,0.0,0.004248445054409243,0.2948159645780613
80,13,27,0.3089333333333333,6.666666666666667e-05,0.005318038866308143,0.26869002302567474
80,13,28,0.3545333333333334,0.0,0.005972985160045731,0.24080309045463047
80,13,29,0.4029333333333333,0.0,0.0076471342022218875,0.2135366966466016
80,13,30,0.4492000000000001,0.00013333333333333334,0.009223870248035589,0.1851394092477697
80,13,31,0.4993999999999999,0.0,0.010966963192060353,0.1671451423229837
80,13,32,0.5441333333333334,0.0,0.012729020178567,0.1443786255515797
80,13,33,0.5894666666666666,0.0,0.015108109249691172,0.12736219750060543
80,13,34,0.6494666666666667,0.0,0.01863231991683941,0.1107465170002108
80,13,35,0.6983333333333334,0.0,0.022006667371414587,0.09757251711060762
80,13,36,0.7319333333333333,0.0,0.025682848851335507,0.0803344219528803
80,13,37,0.7779999999999999,0.0,0.031259428698054426,0.06828928931344716
80,13,38,0.814666666666667,0.0,0.036633500874055605,0.05730895802555417
80,13,39,0.8544,0.0,0.04314523400064334,0.049166842896620946
88,1,0,0.0,0.9816666666666668,5.424404794228675e-07,0.9961117275382715
88,1,1,0.0,0.9645333333333334,6.487897809591814e-07,0.9955190924872744
88,1,2,0.0,0.9479999999999997,8.444164880668791e-07,0.9949749809271111
88,1,3,0.0,0.9229333333333332,1.0299865634702718e-06,0.9942656534162142
88,1,4,0.0,0.8906000000000002,1.3273313777757301e-06,0.9933600595360971
88,1,5,0.0,0.8551333333333334,1.6507738667090136e-06,0.9925930122107619
88,1,6,0.0,0.8151333333333334,2.049562489533215e-06,0.9915162532744912
88,1,7,6.666666666666667e-05,0.7651333333333334,2.275118674784545e-06,0.9903665429029261
88,1,8,0.0,0.7175333333333334,2.9129864758072762e-06,0.9890248519664504
88,1,9,0.00013333333333333334,0.6663333333333334,3.896062191885934e-06,0.9877606801697464
88,1,10,0.0002,0.6101333333333332,4.937257861937562e-06,0.9864744423503178
88,1,11,0.0,0.5574666666666664,6.182929412630039e-06,0.9846746339424801
88,1,12,0.0004,0.5037333333333334,7.117736781461325e-06,0.9827104323131769
88,1,13,0.0005333333333333334,0.44946666666666674,8.436181985908121e-06,0.9807227745784649
88,1,14,0.0002666666666666667,0.39493333333333325,9.806796037594046e-06,0.9780393878193411
88,1,15,0.0008000000000000003,0.3466000000000001,1.2797775020777513e-05,0.9763385195994451
88,1,16,0.0015333333333333338,0.3021333333333334,1.4772126746504736e-05,0.9732633166154143
88,1,17,0.001866666666666667,0.2592666666666667,1.9172142889473544e-05,0.9701651360488872
88,1,18,0.002800000000000001,0.22553333333333336,2.239193357178475e-05,0.966489800969682
88,1,19,0.0031333333333333343,0.19193333333333337,2.7432845937056895e-05,0.9627940156115853
88,1,20,0.004133333333333334,0.16053333333333336,3.2339794630626074e-05,0.9593159059420011
88,1,21,0.005333333333333335,0.1398,4.360402657322752e-05,0.9544024856971961
88,1,22,0.00766666666666667,0.11326666666666665,5.121932266597786e-05,0.9500428889535559
88,1,23,0.009000000000000003,0.0964,6.275427420078667e-05,0.9451858755114516
88,1,24,0.012466666666666673,0.07800000000000003,7.391237157592524e-05,0.9385679463356162
88,1,25,0.013800000000000005,0.06326666666666667,8.678685384853188e-05,0.9325317315317231
88,1,26,0.017133333333333337,0.05466666666666668,0.00010263803157784124,0.9254830458397104
88,1,27,0.020133333333333343,0.04566666666666668,0.00012629763208361176,0.9190987627070683
88,1,28,0.023666666666666676,0.0334,0.00016051153402266957,0.9104014191584808
88,1,29,0.029066666666666678,0.02713333333333334,0.0001927661608821592,0.9029212613088144
88,1,30,0.03480000000000001,0.022533333333333343,0.0002298336017971654,0.8939721211900313
88,1,31,0.03866666666666669,0.016800000000000002,0.0002753007224028289,0.8834735375179764
88,1,32,0.048666666666666684,0.01266666666666667,0.0003367081800280322,0.8730728986881423
88,1,33,0.05473333333333335,0.012400000000000003,0.0003901954130519979,0.8615822516300508
88,1,34,0.06540000000000003,0.009066666666666669,0.0004551939933812883,0.8502190518216088
88,1,35,0.06840000000000003,0.007800000000000001,0.0005822722934073191,0.8362405334477412
88,1,36,0.08060000000000002,0.0056,0.0006856751319364208,0.8240830352925002
88,1,37,0.08633333333333333,0.0048000000000000004,0.0007843816014582913,0.8081969587986806
88,1,38,0.10153333333333331,0.0024666666666666665,0.0009743242509482657,0.7926595340848197
88,1,39,0.11659999999999998,0.002533333333333333,0.0011434640348408497,0.7772899430006857
88,1,40,0.13419999999999996,0.0020000000000000005,0.0013549339506473829,0.7605233940049245
88,1,41,0.1482666666666667,0.0016666666666666666,0.0015773573740784695,0.7433891606107443
88,1,42,0.1676666666666667,0.0015333333333333336,0.0018522175557228663,0.7251164057355186
88,1,43,0.18526666666666666,0.0011333333333333334,0.002214263102203253,0.7022630605887991
88,3,0,0.0,0.9448000000000002,1.9025387175343685e-06,0.9876407774183602
88,3,1,0.0,0.9029333333333335,3.046195310060796e-06,0.9857849756369002
88,3,2,6.666666666666667e-05,0.8442666666666667,3.63906695735947e-06,0.9838711604843655
88,3,3,6.666666666666667e-05,0.7724666666666666,3.859011151640643e-06,0.9818884113228072
88,3,4,0.0,0.7041333333333332,4.479286017737715e-06,0.9794833004945793
88,3,5,0.0,0.6098000000000001,5.92171901371853e-06,0.9766926646538944
88,3,6,0.00013333333333333334,0.5243333333333334,8.404524213857858e-06,0.9736883569650608
88,3,7,0.0002,0.4416666666666666,7.762585268177797e-06,0.9704631142190946
88,3,8,0.00013333333333333334,0.3623333333333333,1.0996970422536813e-05,0.9669469000425756
88,3,9,0.0004,0.2996666666666667,1.3181583311625255e-05,0.9615992126454412
88,3,10,0.0006000000000000001,0.23073333333333337,1.7333731776249895e-05,0.9576491594749433
88,3,11,0.0005333333333333334,0.1897333333333333,2.236560060820663e-05,0.9522683948826793
88,3,12,0.0013333333333333335,0.13593333333333335,2.449566629152981e-05,0.9463959141212563
88,3,13,0.001466666666666667,0.1082,3.0364744819563907e-05,0.9413985470922943
88,3,14,0.0022000000000000006,0.079,3.6067999421790036e-05,0.9347889212649523
88,3,15,0.0031333333333333343,0.057066666666666696,4.035324393827549e-05,0.9271657530701269
88,3,16,0.0038666666666666684,0.04093333333333334,5.376904670745533e-05,0.9185755498403653
88,3,17,0.004800000000000001,0.03280000000000001,5.7722642462655024e-05,0.9107139594117002
88,3,18,0.006666666666666669,0.022466666666666673,8.171335732294693e-05,0.901604829752466
88,3,19,0.00926666666666667,0.016400000000000005,9.479358154966254e-05,0.8901839989915111
88,3,20,0.011133333333333337,0.01106666666666667,0.00010894348212348265,0.8788340797458413
88,3,21,0.014000000000000005,0.009000000000000003,0.00014405374034541797,0.867703616010718
88,3,22,0.019600000000000006,0.005466666666666669,0.00017081641039379654,0.854570279110557
88,3,23,0.023400000000000008,0.0034000000000000007,0.00020066240359503884,0.841736125509779
88,3,24,0.030266666666666678,0.003666666666666667,0.00024291077852196628,0.8289959778360706
88,3,25,0.03553333333333335,0.002466666666666667,0.0002984315329703058,0.8114061904212163
88,3,26,0.04273333333333335,0.0018000000000000002,0.00032591230459952624,0.7923023657308315
88,3,27,0.05466666666666668,0.0011333333333333334,0.0003943776870193938,0.7751905892484391
88,3,28,0.06473333333333336,0.0013333333333333335,0.0005110583267705544,0.7564756974934207
88,3,29,0.07680000000000003,0.0008,0.0005957242290471444,0.7351120617861148
88,3,30,0.08593333333333336,0.0005333333333333334,0.0007273816581415231,0.7153161727120645
88,3,31,0.10013333333333334,0.00046666666666666666,0.0008278419601606902,0.6921702033092229
88,3,32,0.12566666666666668,0.00013333333333333334,0.000995738576793931,0.6693590150699262
88,3,33,0.14540000000000003,0.0,0.0012023847382599518,0.6480128922649234
88,3,34,0.16580000000000003,0.00013333333333333334,0.0014344189936401942,0.6228276069654245
88,3,35,0.1864,6.666666666666667e-05,0.0017719478832567551,0.5975255635929597
88,3,36,0.21780000000000002,0.0,0.002047231959398849,0.5728867607024363
88,3,37,0.24253333333333332,6.666666666666667e-05,0.002392511386840095,0.5454695044062093
88,3,38,0.2710666666666666,0.00013333333333333334,0.0029210086250954135,0.5154681181057993
88,3,39,0.29119999999999996,0.0,0.003525088740542757,0.48914054792979333
88,3,40,0.3302,6.666666666666667e-05,0.00410547563690553,0.45941434173566587
88,3,41,0.36146666666666666,0.0,0.004810142205035284,0.4319122485770312
88,3,42,0.38833333333333336,0.0,0.005933086169715173,0.40708142973795247
88,3,43,0.4295333333333334,0.0,0.006872538128524152,0.3773326969219942
88,5,0,0.0,0.9096000000000001,2.644237291812266e-06,0.9804094496346092
88,5,1,6.666666666666667e-05,0.8546000000000001,3.1826301395315847e-06,0.9780083327869203
88,5,2,6.666666666666667e-05,0.7699333333333332,3.5951946793260825e-06,0.9745525352658093
88,5,3,0.0002,0.6750666666666667,4.401288458321934e-06,0.9707829366062927
88,5,4,6.666666666666667e-05,0.5789333333333334,6.375095974981734e-06,0.9673169628097057
88,5,5,0.00013333333333333334,0.4670666666666667,6.625853949222044e-06,0.96320579328494
88,5,6,0.0002,0.3872666666666667,8.731418636507133e-06,0.9583773750773024
88,5,7,0.00013333333333333334,0.30100000000000005,1.2940158249279518e-05,0.9534435530628366
88,5,8,0.0003333333333333333,0.22686666666666666,1.3658342023052867e-05,0.947776681582716
88,5,9,0.0007333333333333336,0.16273333333333334,2.0231179185417277e-05,0.9408904647277422
88,5,10,0.001733333333333334,0.11506666666666666,2.135792881049084e-05,0.933727727973287
88,5,11,0.0017333333333333337,0.08546666666666666,2.6412770687661865e-05,0.9258563174601704
88,5,12,0.0022666666666666677,0.058000000000000024,3.5467994993173504e-05,0.917053291148342
88,5,13,0.0038666666666666684,0.03760000000000001,3.829605117494527e-05,0.906837092521832
88,5,14,0.003866666666666668,0.02606666666666668,4.550452993817599e-05,0.8979623822133436
88,5,15,0.0058666666666666685,0.018066666666666672,5.8531398233839404e-05,0.8871538243459521
88,5,16,0.007400000000000003,0.011800000000000005,6.879190888597024e-05,0.873774318192686
88,5,17,0.01026666666666667,0.008266666666666667,8.585608786774273e-05,0.8615844855944047
88,5,18,0.013333333333333338,0.005400000000000002,0.00010583957375600782,0.8479446327748216
88,5,19,0.017600000000000008,0.0036000000000000003,0.0001322209351286077,0.8322156763736926
88,5,20,0.022400000000000014,0.0022,0.00016268964276849274,0.8134182094689267
88,5,21,0.02780000000000001,0.0018,0.00019923477499754515,0.798228324982565
88,5,22,0.03393333333333335,0.0011333333333333338,0.00022291946653302155,0.7793838553514358
88,5,23,0.03973333333333336,0.0007333333333333333,0.00029088013609443366,0.7599164102609135
88,5,24,0.05106666666666669,0.0007333333333333333,0.00035329037764955385,0.7386479416540852
88,5,25,0.06400000000000003,0.0006000000000000001,0.00041842511610527675,0.7195637493303599
88,5,26,0.06993333333333336,0.0005333333333333334,0.0004994445668382862,0.6931439783582198
88,5,27,0.08953333333333331,0.0004,0.0006215455464793755,0.6662743224739078
88,5,28,0.10720000000000002,0.00046666666666666666,0.0007384186077343835,0.6448504466054032
88,5,29,0.12193333333333335,0.0002,0.000880230348017592,0.620235693601447
88,5,30,0.13720000000000002,0.0002,0.001054967692069233,0.5936651563443875
88,5,31,0.15993333333333334,0.0,0.0012368519972766395,0.565746790467369
88,5,32,0.17886666666666667,6.666666666666667e-05,0.0015429595287427846,0.5359777834732813
88,5,33,0.20646666666666666,6.666666666666667e-05,0.001772812077179428,0.5098938643379209
88,5,34,0.2373333333333333,0.0,0.0022129723181550523,0.48029641254085786
88,5,35,0.26633333333333337,0.0,0.0027417385641620435,0.4489689313800815
88,5,36,0.2948666666666667,0.0,0.0031184027687454307,0.4227940225358669
88,5,37,0.3235333333333334,0.0,0.0038214066417651014,0.3891598189915514
88,5,38,0.3642000000000001,0.0,0.0044338191985506,0.36425161612536583
88,5,39,0.4024000000000001,0.0,0.005428545373048459,0.3380001764042944
88,5,40,0.43380000000000013,0.0,0.006382475259651821,0.3101058875389143
88,5,41,0.4733333333333335,0.0,0.007767462384899112,0.28289245926850665
88,5,42,0.5116,0.0,0.008891915486386563,0.25567176744209913
88,5,43,0.5468666666666666,0.0,0.010579979118504692,0.22881545784610519
88,7,0,0.0,0.8827333333333333,5.772325437792935e-06,0.9727755915883269
88,7,1,0.00013333333333333334,0.8098666666666664,7.89899903961481e-06,0.9684930301706918
88,7,2,0.0,0.7048000000000001,7.073816236118752e-06,0.9638864489230354
88,7,3,0.0,0.5963333333333335,1.0485486227448751e-05,0.95966047686526
88,7,4,6.666666666666667e-05,0.4858,1.2064991282467288e-05,0.95411738228998
88,7,5,6.666666666666667e-05,0.36999999999999994,1.5255609111175627e-05,0.9484096023229208
88,7,6,0.00046666666666666666,0.2809333333333334,1.767238723490604e-05,0.9413274486097012
88,7,7,0.0006000000000000001,0.20633333333333334,2.3064096810273812e-05,0.9353333631720198
88,7,8,0.0013333333333333333,0.14439999999999997,2.9701829918925485e-05,0.9262232189453506
88,7,9,0.0012666666666666668,0.09620000000000002,3.586880490415047e-05,0.9175696806352912
88,7,10,0.002066666666666667,0.06100000000000001,4.097475836646325e-05,0.9083063081008961
88,7,11,0.003133333333333334,0.043600000000000014,4.69450118839586e-05,0.8988247143277164
88,7,12,0.0030666666666666676,0.02906666666666667,6.309097958890861e-05,0.8883243152672285
88,7,13,0.005600000000000002,0.021133333333333337,7.300990791327966e-05,0.8733788996529909
88,7,14,0.006600000000000001,0.012466666666666671,8.391627409010115e-05,0.8609334194028533
88,7,15,0.009133333333333335,0.009600000000000004,9.669344714890043e-05,0.8464046535724083
88,7,16,0.012000000000000004,0.005000000000000002,0.00012165678061097182,0.8306844045526929
88,7,17,0.015066666666666673,0.003866666666666668,0.00016477184465116585,0.8146239272005374
88,7,18,0.01860000000000001,0.002466666666666667,0.00018661044111037347,0.7970242668191454
88,7,19,0.022000000000000006,0.0018666666666666673,0.0002160733948104259,0.7774040503792743
88,7,20,0.03386666666666668,0.0010666666666666665,0.00028122205194948586,0.7593239048722673
88,7,21,0.04080000000000002,0.0007333333333333336,0.000324652553011175,0.7345290132103259
88,7,22,0.05006666666666668,0.0006666666666666668,0.00040332839582552616,0.7142143975015959
88,7,23,0.057733333333333366,0.00013333333333333334,0.00047811856180959947,0.6887080134415184
88,7,24,0.07073333333333334,0.00046666666666666666,0.0005659349170182972,0.6626993851793059
88,7,25,0.08713333333333334,0.0002666666666666667,0.0007259706702491298,0.6373944692854931
88,7,26,0.10340000000000002,0.0,0.0008120799790130016,0.6158897056865202
88,7,27,0.12019999999999999,0.0,0.001055134319791402,0.5840584959181759
88,7,28,0.14433333333333334,6.666666666666667e-05,0.0011637155013202343,0.5584939019530455
88,7,29,0.16753333333333334,0.0,0.0015017022584488848,0.5273827352411392
88,7,30,0.19906666666666664,6.666666666666667e-05,0.001685594624113233,0.499773435771936
88,7,31,0.22219999999999998,6.666666666666667e-05,0.0020704103107534472,0.46972535020707695
88,7,32,0.2537999999999999,6.666666666666667e-05,0.002432155607593878,0.442552360400294
88,7,33,0.281,0.0,0.0029872310644275583,0.41168314270871914
88,7,34,0.32639999999999997,0.0,0.0035137059760749416,0.3833570430303378
88,7,35,0.35540000000000005,0.0,0.004131617672058706,0.3574776473990448
88,7,36,0.38480000000000003,0.0,0.004816900296616547,0.3285948644738176
88,7,37,0.41999999999999993,0.0,0.005900618886696241,0.3021517537092214
88,7,38,0.4682666666666667,0.0,0.007133474376039524,0.2788467499036036
88,7,39,0.5140666666666667,0.0,0.008456425562695633,0.24910372206020887
88,7,40,0.5506666666666667,0.0,0.010007254187848666,0.224681047427791
88,7,41,0.5908,0.0,0.011696062636561354,0.2017117546509254
88,7,42,0.6432666666666669,0.0,0.013641045416642789,0.1804937527622714
88,7,43,0.6805333333333334,0.0,0.015814895585443824,0.15943150781388352
88,9,0,0.0,0.8526666666666666,6.034825138028419e-06,0.9634333261297072
88,9,1,0.0,0.7581333333333332,6.0339886385666945e-06,0.958975911421298
88,9,2,0.0,0.6412000000000001,7.658356189413302e-06,0.9530239968751354
88,9,3,0.00013333333333333334,0.5224666666666667,9.856462393656649e-06,0.9464978121044195
88,9,4,0.00013333333333333334,0.41133333333333333,1.062717737606964e-05,0.9394230094559324
88,9,5,0.00013333333333333334,0.29646666666666666,1.5605837117061034e-05,0.9330401439548497
88,9,6,0.0006666666666666668,0.2143333333333333,2.3648113130148178e-05,0.9240278231778327
88,9,7,0.0008000000000000001,0.15106666666666663,2.085037562471458e-05,0.9155842422393917
88,9,8,0.0008666666666666666,0.10020000000000001,2.6256074004448993e-05,0.9048173246850162
88,9,9,0.0014000000000000004,0.06840000000000002,3.457977454052968e-05,0.8927458839214258
88,9,10,0.001666666666666667,0.046066666666666686,3.919207396410593e-05,0.8823209124990115
88,9,11,0.0032,0.028866666666666672,5.056360266967117e-05,0.8697871594150616
88,9,12,0.003533333333333334,0.020333333333333335,6.09035903671565e-05,0.8525938434152847
88,9,13,0.0051333333333333335,0.015533333333333338,6.700784469423034e-05,0.8388612881062083
88,9,14,0.006600000000000001,0.010200000000000002,9.285335327907677e-05,0.8211690371021496
88,9,15,0.009200000000000003,0.0074,0.00010220469850880643,0.8069921008163681
88,9,16,0.009400000000000002,0.005000000000000001,0.00013322152495081298,0.7874385904191795
88,9,17,0.01593333333333334,0.0027333333333333346,0.00017201176740351589,0.7661117474992352
88,9,18,0.020866666666666676,0.0025333333333333336,0.00020395614058887337,0.7457986599670748
88,9,19,0.02140000000000001,0.0019333333333333336,0.0002327209407284133,0.7235071180964437
88,9,20,0.03086666666666667,0.0014,0.0002649232434175898,0.7011879103780098
88,9,21,0.03926666666666668,0.0011333333333333334,0.0003586439468977847,0.671107308326306
88,9,22,0.050800000000000005,0.0008666666666666667,0.0004376430824102355,0.6466361426317283
88,9,23,0.06066666666666668,0.0008666666666666667,0.0005094473021671274,0.6231497234092518
88,9,24,0.06993333333333336,0.0004,0.0006163012878361852,0.5892125598567833
88,9,25,0.09353333333333332,6.666666666666667e-05,0.0007513816417129842,0.5626840932583916
88,9,26,0.10659999999999999,0.00013333333333333334,0.0008489051970537799,0.5341928015888256
88,9,27,0.1286,0.0002,0.001138635295146595,0.5067155506046184
88,9,28,0.15133333333333335,6.666666666666667e-05,0.0012784262618205178,0.48241726917763744
88,9,29,0.17973333333333336,0.0,0.0016188312083104872,0.4488761415250521
88,9,30,0.20266666666666666,0.0,0.0018690590795774524,0.4213592379582856
88,9,31,0.23419999999999996,0.0,0.0022017432424548144,0.39119546906296876
88,9,32,0.26986666666666664,0.0,0.0027111632069391923,0.36189742881174003
88,9,33,0.29579999999999995,0.0,0.003225789762540519,0.3334707875281334
88,9,34,0.33999999999999997,0.0,0.00408223459181562,0.30541507837092
88,9,35,0.36986666666666673,0.0,0.004561518474292139,0.2788807628169564
88,9,36,0.41300000000000014,0.0,0.005608179375803778,0.2509851226784824
88,9,37,0.45386666666666675,0.0,0.006719342051582715,0.22895843214169842
88,9,38,0.49779999999999996,0.0,0.007860703310247828,0.20698843166430056
88,9,39,0.5362666666666667,0.0,0.009573734316552403,0.18209079448842996
88,9,40,0.5801999999999998,0.0,0.0111671143418414,0.16053611365908305
88,9,41,0.6265333333333333,0.0,0.013204049815777037,0.1403595271571642
88,9,42,0.6604666666666665,0.0,0.015482684399480388,0.1241755207719331
88,9,43,0.7010666666666664,0.0,0.018784177066158605,0.10885764965663675
88,11,0,6.666666666666667e-05,0.8365333333333336,5.7165712095464215e-06,0.9626100326357628
88,11,1,0.0,0.7276,7.668380501115598e-06,0.9570445773398579
88,11,2,0.00013333333333333334,0.6188666666666667,9.522989365164123e-06,0.951577128036339
88,11,3,0.00013333333333333334,0.49093333333333317,1.2537933659552458e-05,0.9443206042417729
88,11,4,6.666666666666667e-05,0.3669333333333333,1.482847133712095e-05,0.937162737389478
88,11,5,0.0002,0.2757333333333333,1.7672915569747285e-05,0.9297178181314129
88,11,6,0.00046666666666666666,0.1862666666666667,2.2088628068362793e-05,0.9206277136443273
88,11,7,0.0006000000000000001,0.12686666666666666,2.6394397033449668e-05,0.9115154729755749
88,11,8,0.0008000000000000001,0.08020000000000001,2.984788259790856e-05,0.8997416696125515
88,11,9,0.0008000000000000001,0.04946666666666668,4.060193707044697e-05,0.8876280773482843
88,11,10,0.0012666666666666668,0.03213333333333334,4.7978789996208845e-05,0.8757383073030947
88,11,11,0.0024666666666666674,0.01993333333333334,5.546732327204238e-05,0.8615164931921463
88,11,12,0.0033333333333333344,0.010733333333333338,6.884977237645757e-05,0.846922338785234
88,11,13,0.0066000000000000026,0.008000000000000002,8.330891461215508e-05,0.830409910232013
88,11,14,0.00786666666666667,0.005000000000000001,0.0001076447123836919,0.8127877753624576
88,11,15,0.009333333333333336,0.0032,0.00012372149568259846,0.7944663880874036
88,11,16,0.012933333333333335,0.002466666666666667,0.0001587380994364116,0.7746921477520027
88,11,17,0.01866666666666667,0.0024000000000000002,0.00018707333660899188,0.7509713581559097
88,11,18,0.02460000000000001,0.0015333333333333336,0.00023055611922603847,0.7302647643012544
88,11,19,0.030466666666666677,0.0009333333333333334,0.000286774201579752,0.7070733434955204
88,11,20,0.03746666666666668,0.00046666666666666666,0.0003713006321603437,0.6820335795200204
88,11,21,0.04480000000000002,0.00046666666666666666,0.0004267649254599746,0.6560519710034086
88,11,22,0.057933333333333364,0.0002666666666666667,0.000514675915943381,0.630280871829896
88,11,23,0.07420000000000002,0.0003333333333333333,0.000660879931828428,0.5996279119282951
88,11,24,0.08626666666666667,0.0002,0.000769322878177967,0.5718908897742262
88,11,25,0.09959999999999998,0.00013333333333333334,0.0009192101889155758,0.5438238286238597
88,11,26,0.11706666666666667,0.00013333333333333334,0.001103782647068918,0.510144580757401
88,11,27,0.14093333333333333,6.666666666666667e-05,0.0013365199153659703,0.4812433916891107
88,11,28,0.16373333333333334,6.666666666666667e-05,0.0015107377897082485,0.4523161541923517
88,11,29,0.19626666666666664,0.0,0.0019464481024893295,0.41829462726719757
88,11,30,0.22579999999999997,0.0,0.0022676187077457174,0.3895241296429993
88,11,31,0.2623999999999999,0.0,0.0029452049320870116,0.3598047521483278
88,11,32,0.3060000000000001,0.0,0.0032675344983116696,0.3296090124192977
88,11,33,0.33760000000000007,0.0,0.004038815265971121,0.3014126554070081
88,11,34,0.3773333333333333,0.0,0.004836824815163783,0.2748894248750767
88,11,35,0.41586666666666666,0.0,0.0054986172934231746,0.2497666051491771
88,11,36,0.45853333333333324,0.0,0.006842588227470731,0.22039556198966612
88,11,37,0.5076000000000002,0.0,0.007826324506586978,0.20170240308553247
88,11,38,0.5571999999999999,0.0,0.00982454900969885,0.177926540103621
88,11,39,0.6034000000000002,0.0,0.010862879907801052,0.15713886494974716
88,11,40,0.6365333333333333,0.0,0.013027685892111819,0.13560322418022533
88,11,41,0.6674666666666667,0.0,0.016199182144523823,0.11915007451340501
88,11,42,0.7168,0.0,0.018442574235867662,0.10384381432690352
88,11,43,0.753,0.0,0.022757189958847582,0.08928895126748812
88,13,0,0.0,0.8042666666666668,8.723365513410958e-06,0.9515356735232101
88,13,1,0.0,0.6914666666666668,1.2402542679340338e-05,0.9461327561217735
88,13,2,0.0,0.5570666666666668,1.2907744998838943e-05,0.9388814570263768
88,13,3,6.666666666666667e-05,0.42906666666666665,1.7436918435444847e-05,0.9302780436225594
88,13,4,0.0002666666666666667,0.3126666666666667,2.2003770264002567e-05,0.9227301103181773
88,13,5,0.00013333333333333334,0.2196,2.4348802486784402e-05,0.9120856797397375
88,13,6,0.00046666666666666666,0.15019999999999994,3.696746331836667e-05,0.9027818566240612
88,13,7,0.0002666666666666667,0.0996666666666667,3.6647091713742276e-05,0.8906673907967639
88,13,8,0.0012000000000000001,0.06633333333333336,4.3960808380283115e-05,0.8779138316479737
88,13,9,0.0018666666666666669,0.04486666666666669,6.19738793652543e-05,0.8648640234287142
88,13,10,0.0024666666666666665,0.025933333333333343,7.010497110541413e-05,0.8511837896272976
88,13,11,0.004600000000000002,0.016600000000000004,9.86479634260139e-05,0.8305899734340375
88,13,12,0.005266666666666668,0.01126666666666667,9.852484624788175e-05,0.8145793675894062
88,13,13,0.006733333333333337,0.007133333333333334,0.00013821036302374086,0.7957166904231913
88,13,14,0.009733333333333335,0.004533333333333334,0.0001607898916546466,0.7750951847181967
88,13,15,0.011200000000000003,0.003866666666666667,0.0001801681087044568,0.7562623495967639
88,13,16,0.016866666666666676,0.0021333333333333334,0.00020653662284618904,0.7296101911202012
88,13,17,0.02140000000000001,0.0020666666666666663,0.0002644449941414421,0.7087195878771911
88,13,18,0.028333333333333346,0.001,0.0003274335411948773,0.6860519025526541
88,13,19,0.03173333333333335,0.00046666666666666666,0.00033452958842747924,0.658105637128068
88,13,20,0.04200000000000001,0.0006666666666666666,0.0005130904155871041,0.6314537596858165
88,13,21,0.05433333333333335,0.0004,0.0005539945079336526,0.6014684345016197
88,13,22,0.0634666666666667,0.0004,0.000613154097635359,0.573072493000872
88,13,23,0.08093333333333334,0.0002666666666666667,0.0007665299021348015,0.5488874721899755
88,13,24,0.09693333333333333,0.00013333333333333334,0.0010031037466263994,0.517521258923662
88,13,25,0.11800000000000004,0.00013333333333333334,0.0011307461398787648,0.4843454428404134
88,13,26,0.13413333333333335,0.0,0.0014009913784745122,0.4537799041822248
88,13,27,0.16559999999999997,6.666666666666667e-05,0.0017495189088165793,0.42874413531448385
88,13,28,0.18106666666666668,0.00013333333333333334,0.0020503926739139536,0.39988757412452836
88,13,29,0.2139333333333333,0.0,0.002377893787931747,0.3693969075154405
88,13,30,0.2574666666666666,0.0,0.0028106915069892216,0.3395883576912882
88,13,31,0.2858666666666666,0.0,0.0033691186919101073,0.31246135892277205
88,13,32,0.30999999999999994,0.0,0.004096599691356359,0.28872511678921603
88,13,33,0.35553333333333337,0.0,0.004760367224459347,0.2577815793180239
88,13,34,0.40320000000000006,0.0,0.0057942258557972404,0.23791293250980897
88,13,35,0.44313333333333327,0.0,0.006753911982148739,0.21077079740489274
88,13,36,0.48946666666666666,0.0,0.008440449538623617,0.1868816558957675
88,13,37,0.5306000000000001,0.0,0.009419064908768591,0.16846735098684268
88,13,38,0.5772666666666667,0.0,0.01200706928958791,0.15242145485814299
88,13,39,0.6234666666666667,0.0,0.013567115135977614,0.13471397231272586
88,13,40,0.6668666666666667,0.0,0.016456435335429547,0.11919086698125651
88,13,41,0.7052666666666668,0.0,0.018505821592814463,0.10298375368488949
88,13,42,0.7450666666666665,0.0,0.023451926803707394,0.08698652388306707
88,13,43,0.7819999999999998,0.0,0.02674606535181191,0.07776898614947976
96,1,0,0.0,0.9895333333333334,2.017538739048888e-07,0.9976579297318027
96,1,1,0.0,0.9784000000000002,2.401317432915286e-07,0.9974245528267521
96,1,2,0.0,0.9656666666666669,4.245047763176876e-07,0.9970341061423107
96,1,3,0.0,0.9453333333333329,3.994022414617697e-07,0.9965476930595647
96,1,4,0.0,0.9199333333333333,4.5801924935260107e-07,0.9960118893866609
96,1,5,6.666666666666667e-05,0.8965333333333331,5.489911098183444e-07,0.9956252393132989
96,1,6,0.0,0.8635333333333332,8.212265856234839e-07,0.9949844232433563
96,1,7,0.00013333333333333334,0.8254000000000001,1.025902259730501e-06,0.9943546669945872
96,1,8,6.666666666666667e-05,0.7689333333333334,9.342090859692571e-07,0.9935440064195317
96,1,9,0.0003333333333333333,0.7297333333333333,1.4538393871204284e-06,0.9927458700078776
96,1,10,0.0002,0.6849333333333335,1.4597285511551088e-06,0.9917877033636096
96,1,11,0.0003333333333333333,0.6290666666666667,1.868368286023597e-06,0.9906474228478059
96,1,12,0.0002666666666666667,0.5761333333333334,2.278834614688338e-06,0.9896764883178955
96,1,13,0.0004,0.5267333333333333,3.251346848124965e-06,0.9884518479901173
96,1,14,0.0002666666666666667,0.4756,3.3105275639192027e-06,0.98704016376133
96,1,15,0.0002666666666666667,0.4305999999999999,4.247170422471727e-06,0.9855703226543694
96,1,16,0.00046666666666666666,0.38973333333333327,5.7529479963502384e-06,0.9840854199888671
96,1,17,0.0005333333333333334,0.3432666666666667,5.9471927682155746e-06,0.9819807671655258
96,1,18,0.0009333333333333334,0.3048666666666667,8.065527108772754e-06,0.9799101403084747
96,1,19,0.0011333333333333334,0.2664,9.151681983443193e-06,0.9779990702452637
96,1,20,0.0018000000000000002,0.24186666666666665,1.1417364470240949e-05,0.9751370963203738
96,1,21,0.001866666666666667,0.20040000000000002,1.2624714750248453e-05,0.9726674122509233
96,1,22,0.0027333333333333337,0.18379999999999994,1.54083463751374e-05,0.9697423844750747
96,1,23,0.004333333333333334,0.15699999999999997,2.188708993275934e-05,0.9660387210204909
96,1,24,0.004933333333333334,0.13506666666666664,2.1368431140524435e-05,0.9630780944195679
96,1,25,0.0044,0.11733333333333335,2.6884930560784657e-05,0.9586856257505143
96,1,26,0.006066666666666667,0.10073333333333336,2.9835293703282836e-05,0.954469218645585
96,1,27,0.0072000000000000015,0.08586666666666667,4.2559371737526764e-05,0.9497447492004053
96,1,28,0.008866666666666667,0.07420000000000002,4.5323060936773707e-05,0.9451085605938251
96,1,29,0.01206666666666667,0.061266666666666685,5.435188918655501e-05,0.9385136000051306
96,1,30,0.015200000000000002,0.05340000000000002,6.962303413872349e-05,0.9329840122748523
96,1,31,0.01726666666666667,0.044400000000000016,8.673753827951733e-05,0.9274535382905813
96,1,32,0.017400000000000006,0.035266666666666675,0.00010189843244701585,0.9208078234772785
96,1,33,0.024466666666666675,0.03186666666666668,0.0001226311603746067,0.9136467712023092
96,1,34,0.027933333333333345,0.02473333333333334,0.0001315121693586635,0.9054180799645686
96,1,35,0.032533333333333345,0.021466666666666676,0.00017309579570176154,0.8971923794516907
96,1,36,0.03740000000000001,0.017200000000000003,0.00021208044524164324,0.8867996524058949
96,1,37,0.04366666666666667,0.014000000000000005,0.0002555645676119358,0.8764585368026377
96,1,38,0.04706666666666668,0.011600000000000001,0.0002895305935068094,0.8674243729732679
96,1,39,0.06046666666666669,0.007866666666666668,0.0003517736552794156,0.856967820363969
96,1,40,0.06473333333333335,0.006666666666666669,0.00039862041479010485,0.8434693886361857
96,1,41,0.07453333333333334,0.0058666666666666685,0.0004810375948991125,0.832398153336739
96,1,42,0.09453333333333334,0.0044666666666666665,0.0005807541018130422,0.8204119441705903
96,1,43,0.10246666666666669,0.0035333333333333345,0.0006902286133415477,0.8044218615961508
96,1,44,0.11606666666666669,0.002466666666666667,0.0008136438586103657,0.7908246937162242
96,1,45,0.1324,0.0028666666666666675,0.000932270812739665,0.7746747125454355
96,1,46,0.14166666666666666,0.0021333333333333334,0.0011066478867720224,0.7535297867014316
96,1,47,0.16273333333333334,0.002,0.0013226639012942434,0.7376463256499107
96,3,0,0.0,0.9633333333333334,7.901270190562056e-07,0.9926064696235931
96,3,1,0.0,0.9338666666666665,1.2199570078613842e-06,0.9915142646136103
96,3,2,0.0,0.8920666666666666,1.1991704440086101e-06,0.9904034564810423
96,3,3,0.0,0.8477333333333334,1.571287014999768e-06,0.9890736780423117
96,3,4,6.666666666666667e-05,0.7853999999999999,2.032575210769494e-06,0.9877560872166827
96,3,5,0.0,0.7154,2.1245417906997635e-06,0.9859028269319016
96,3,6,0.0,0.6437333333333333,2.413744419218735e-06,0.9840135692564459
96,3,7,6.666666666666667e-05,0.5618,4.169531394450853e-06,0.9818924232194117
96,3,8,6.666666666666667e-05,0.4843999999999999,4.226144742034285e-06,0.9795151001950783
96,3,9,0.0002666666666666667,0.4181333333333334,4.431749135592078e-06,0.9775511433068095
96,3,10,0.0002666666666666667,0.34413333333333335,6.398632646470548e-06,0.9741236649158896
96,3,11,0.0002666666666666667,0.281,6.705177975436176e-06,0.9712429190037813
96,3,12,0.0004,0.2303333333333334,9.011954592708712e-06,0.967837675234156
96,3,13,0.0008666666666666667,0.1842,1.2538090526507452e-05,0.9639231062378837
96,3,14,0.001466666666666667,0.1478,1.1851061231911364e-05,0.9600781094885901
96,3,15,0.001666666666666667,0.1145333333333333,1.3935901628709071e-05,0.9549075153548896
96,3,16,0.0026000000000000003,0.08826666666666665,1.9630269613203687e-05,0.9495338595152333
96,3,17,0.0022,0.06753333333333335,2.4383081779358672e-05,0.9442936299495829
96,3,18,0.003666666666666667,0.049200000000000015,2.41289223063846e-05,0.938117528958562
96,3,19,0.0048666666666666684,0.03733333333333334,3.319828196621523e-05,0.9321118099761929
96,3,20,0.004533333333333334,0.025466666666666676,4.053326006348154e-05,0.9241770446388742
96,3,21,0.007800000000000001,0.020600000000000007,4.5279278212981995e-05,0.9157601793738169
96,3,22,0.009333333333333334,0.014533333333333339,6.271518167474606e-05,0.9086497505995071
96,3,23,0.011266666666666671,0.010000000000000004,6.689266920049792e-05,0.8989716778242136
96,3,24,0.01366666666666667,0.00846666666666667,7.744038789064677e-05,0.8888547878568445
96,3,25,0.01646666666666667,0.006066666666666668,0.0001153694843830201,0.878513836358426
96,3,26,0.018333333333333337,0.004466666666666668,0.00011321201203736413,0.865912288354451
96,3,27,0.02340000000000001,0.0032000000000000006,0.00013472987937737454,0.8559047342510628
96,3,28,0.02900000000000001,0.0027333333333333346,0.00016868054368439903,0.8415967954494217
96,3,29,0.034000000000000016,0.0020666666666666667,0.00020204777720666135,0.8286542021419149
96,3,30,0.04446666666666668,0.0019333333333333336,0.00022231272699969854,0.8109784356702969
96,3,31,0.04886666666666669,0.0011333333333333334,0.00028128908208840036,0.7965386824646882
96,3,32,0.05740000000000003,0.0006666666666666668,0.0003299856317448227,0.7807405263129632
96,3,33,0.06800000000000003,0.0008666666666666667,0.00039177657497246627,0.7624487050850779
96,3,34,0.08326666666666667,0.0005333333333333334,0.0004666959946135212,0.7418878741156187
96,3,35,0.09573333333333332,0.00046666666666666666,0.0005732165137814881,0.7221897738058085
96,3,36,0.11126666666666668,0.0004,0.0006369113299256847,0.7053357838021086
96,3,37,0.1252,6.666666666666667e-05,0.0007752961598199596,0.6837160258443135
96,3,38,0.14986666666666668,0.00013333333333333334,0.0008989123486627794,0.6592547132362098
96,3,39,0.1709333333333333,0.0,0.0011757136250251034,0.6329395098593525
96,3,40,0.19773333333333332,6.666666666666667e-05,0.0013370330406146844,0.6121489381091223
96,3,41,0.2117333333333333,0.0,0.0015326849969854043,0.5872546249698488
96,3,42,0.24733333333333335,0.0,0.0018002201102241802,0.5626937557148417
96,3,43,0.27019999999999994,0.0,0.0022785585838721355,0.5354503081618902
96,3,44,0.29973333333333324,0.0,0.0026297894857559745,0.5078803629923447
96,3,45,0.32680000000000003,0.0,0.0030978947027589503,0.48292540077556423
96,3,46,0.35159999999999986,0.0,0.00358268131207133,0.4584870558328388
96,3,47,0.3900666666666667,0.0,0.004317805074121775,0.43340964678812655
96,5,0,0.0,0.9391333333333333,7.796540150048922e-07,0.9868849818023356
96,5,1,0.0,0.8924,9.877892893941489e-07,0.9850554842741996
96,5,2,6.666666666666667e-05,0.8246666666666669,9.938433220683479e-07,0.9829777922814806
96,5,3,6.666666666666667e-05,0.7495333333333333,1.6313077590969351e-06,0.9810544796841596
96,5,4,0.0,0.6538666666666668,1.926433473945067e-06,0.9781930987741893
96,5,5,6.666666666666667e-05,0.5669333333333333,2.0561736419024457e-06,0.9753667071240224
96,5,6,0.0,0.4713999999999999,2.8565611333998515e-06,0.9723817788195455
96,5,7,6.666666666666667e-05,0.3895333333333333,3.85513815523105e-06,0.9688237307116133
96,5,8,0.0002,0.30826666666666663,3.857098579524654e-06,0.9644524732769818
96,5,9,0.0003333333333333333,0.24053333333333335,5.17080953132914e-06,0.9603391932282883
96,5,10,0.0002,0.18606666666666669,6.237621975331064e-06,0.9553231628780037
96,5,11,0.0005333333333333334,0.1392666666666667,7.513881310241837e-06,0.9501534807723364
96,5,12,0.0007333333333333334,0.1088,1.006221304841304e-05,0.944505220089512
96,5,13,0.0015333333333333334,0.0804,1.0777097880881684e-05,0.9379117197296765
96,5,14,0.0015333333333333336,0.06040000000000002,1.4980837813219772e-05,0.9316149173490931
96,5,15,0.0011333333333333336,0.044466666666666675,1.8177272446057873e-05,0.923004765792939
96,5,16,0.0018000000000000002,0.032066666666666674,2.0071721929437934e-05,0.9152698351013303
96,5,17,0.0031333333333333343,0.02300000000000001,2.6158143839368977e-05,0.9053960321033814
96,5,18,0.004000000000000001,0.016466666666666668,3.231785463511933e-05,0.8953659302900926
96,5,19,0.006466666666666668,0.011133333333333337,3.7457871565800804e-05,0.8833563967937952
96,5,20,0.007666666666666669,0.0072000000000000015,4.7187972596350734e-05,0.8730930646142002
96,5,21,0.008666666666666668,0.007133333333333335,5.5264137627627486e-05,0.8600849287052579
96,5,22,0.01266666666666667,0.0055333333333333345,6.367890345862643e-05,0.8485859867102715
96,5,23,0.016800000000000006,0.003333333333333334,8.47464249063789e-05,0.8339967943259479
96,5,24,0.01866666666666667,0.0028666666666666662,9.975393883304148e-05,0.8159439698288538
96,5,25,0.022866666666666677,0.0017333333333333335,0.0001254111694630051,0.8007118734016718
96,5,26,0.029266666666666673,0.0010000000000000002,0.0001507397992698175,0.7832319956276774
96,5,27,0.03693333333333335,0.0008,0.00017073857837412228,0.7658262277871818
96,5,28,0.041333333333333354,0.0008000000000000003,0.00021177960812601246,0.7449287208714498
96,5,29,0.04893333333333336,0.0006666666666666668,0.00023358267576640825,0.723665501905256
96,5,30,0.059666666666666694,0.0002666666666666667,0.0002994383488238716,0.7016178505678121
96,5,31,0.07526666666666669,0.00013333333333333334,0.0004273278385343811,0.6754654289201263
96,5,32,0.09153333333333337,6.666666666666667e-05,0.00042390659376670794,0.6562194780691936
96,5,33,0.09893333333333336,0.00013333333333333334,0.0005250794802270382,0.6335434460051547
96,5,34,0.11013333333333335,6.666666666666667e-05,0.00064109621196768,0.6045189852540754
96,5,35,0.13193333333333335,0.00013333333333333334,0.0007693575658477658,0.5833210361240115
96,5,36,0.14746666666666666,6.666666666666667e-05,0.0009041971088149995,0.5559473275077871
96,5,37,0.17393333333333336,0.00013333333333333334,0.0010434754732854762,0.5274957544068944
96,5,38,0.1908,0.00013333333333333334,0.0012705854065669837,0.5016276777204981
96,5,39,0.21806666666666666,0.0,0.00160405878596831,0.47134131438162413
96,5,40,0.24613333333333334,0.0,0.0018450438489227795,0.44678368336786145
96,5,41,0.2730666666666667,0.0,0.0022016771244414124,0.41922909900334143
96,5,42,0.30666666666666664,0.0,0.0025311988156619916,0.3920674869338286
96,5,43,0.3421999999999999,0.0,0.0029322768244765787,0.3634557584087046
96,5,44,0.36866666666666664,0.0,0.0036173231445519468,0.33621790053256506
96,5,45,0.4108666666666666,0.0,0.004374280323805307,0.3123763051192198
96,5,46,0.4395333333333334,0.0,0.005121345376662573,0.2832203833263061
96,5,47,0.4752666666666666,6.666666666666667e-05,0.006233177455748443,0.2621655236142947
96,7,0,0.0,0.9054666666666666,1.3937526743672548e-06,0.9768279422346009
96,7,1,0.0,0.8351333333333334,1.9259628203794776e-06,0.9743913248033971
96,7,2,0.0,0.7533999999999998,2.4337535158737525e-06,0.9708003780344153
96,7,3,0.00013333333333333334,0.6517999999999999,1.9947462008639774e-06,0.9665267568219824
96,7,4,6.666666666666667e-05,0.5403333333333333,3.7187113212185196e-06,0.9625947563349087
96,7,5,0.0,0.43713333333333343,3.890493714729715e-06,0.9573793215126691
96,7,6,0.00013333333333333334,0.3468,5.272836790532945e-06,0.9524509648333381
96,7,7,0.00013333333333333334,0.2615333333333333,5.792946988103349e-06,0.947316599744073
96,7,8,0.0003333333333333333,0.19499999999999998,6.65016359259644e-06,0.9396792110537883
96,7,9,0.0002,0.13873333333333332,1.0055980644411711e-05,0.9328040484831615
96,7,10,0.00046666666666666666,0.09806666666666666,9.71855578318004e-06,0.9271185318512631
96,7,11,0.00046666666666666666,0.07233333333333333,1.376136094248164e-05,0.9172768580305914
96,7,12,0.001,0.049866666666666684,1.5336081930680197e-05,0.9081753723435951
96,7,13,0.0016666666666666672,0.037200000000000004,1.845098302411035e-05,0.8984488048462601
96,7,14,0.0017333333333333337,0.02373333333333334,2.524068552602445e-05,0.8874042739104924
96,7,15,0.0027333333333333337,0.017600000000000005,2.9222884542080318e-05,0.8756623103170149
96,7,16,0.0032000000000000006,0.013866666666666668,3.4286487675595466e-05,0.8613295621346702
96,7,17,0.005533333333333334,0.010200000000000002,4.0743088622921995e-05,0.8495347355535527
96,7,18,0.006266666666666668,0.006933333333333334,5.467234251940444e-05,0.8342704751616857
96,7,19,0.00786666666666667,0.004666666666666666,5.696830150880364e-05,0.8193414974540276
96,7,20,0.008733333333333336,0.003,7.471687051210903e-05,0.8001806353742658
96,7,21,0.013400000000000002,0.0024000000000000002,8.737961757847034e-05,0.7851360251052217
96,7,22,0.016133333333333336,0.0015333333333333338,0.00010533756697996635,0.7659904999202062
96,7,23,0.02153333333333334,0.0006666666666666668,0.00012506857360375663,0.7434016029293079
96,7,24,0.02633333333333334,0.0011333333333333334,0.00015549953022255612,0.722281135946427
96,7,25,0.03260000000000001,0.00046666666666666666,0.00017560138174846983,0.7016405516935589
96,7,26,0.04200000000000001,0.0004,0.00021442202244735046,0.67649314259417
96,7,27,0.052600000000000015,0.0002,0.00026036259887979573,0.6560081911765822
96,7,28,0.06086666666666669,0.00046666666666666666,0.00030269745086129203,0.6342904872540563
96,7,29,0.07333333333333333,0.00013333333333333334,0.0004030770959064468,0.6074215908674894
96,7,30,0.08313333333333334,0.00013333333333333334,0.0004735545899390164,0.5785413891720338
96,7,31,0.09933333333333333,6.666666666666667e-05,0.0005290873151090547,0.5560684715624884
96,7,32,0.11999999999999998,0.0002,0.0006474367751949761,0.526885313219436
96,7,33,0.137,0.00013333333333333334,0.0007949318538422912,0.5016071914750729
96,7,34,0.16179999999999997,0.0,0.000956249065889683,0.4728877522874197
96,7,35,0.18946666666666664,0.0,0.0011832821465207176,0.4492249539720943
96,7,36,0.20366666666666672,0.0,0.0013229600877017955,0.4142261220069783
96,7,37,0.23466666666666672,0.0,0.001667880555120629,0.39077170257604493
96,7,38,0.2733999999999999,0.0,0.0018997509139963152,0.36460996367246035
96,7,39,0.3000666666666667,0.0,0.002309777169658205,0.3362889584353642
96,7,40,0.3249999999999999,0.0,0.002668984821404512,0.3141171154018413
96,7,41,0.36380000000000007,0.0,0.0032274105292980867,0.2900323559437579
96,7,42,0.3947333333333332,0.0,0.003901505336141314,0.26460569072660006
96,7,43,0.4370666666666667,0.0,0.004347196163520079,0.24139326132109956
96,7,44,0.4747333333333333,0.0,0.005486709062864391,0.21772392585554165
96,7,45,0.5226,0.0,0.00660299492956343,0.19956729427756442
96,7,46,0.5522000000000001,0.0,0.007527495472521084,0.17752327550218022
96,7,47,0.5903333333333334,0.0,0.008918815512985446,0.16066479475991044
96,9,0,0.0,0.9054000000000001,3.2460856368331155e-06,0.9803784620101382
96,9,1,0.0,0.8371333333333336,2.8579443209193234e-06,0.9773044154035642
96,9,2,6.666666666666667e-05,0.7502666666666666,2.8874707715501477e-06,0.9745589059327419
96,9,3,0.0,0.6576666666666668,3.3692792456625124e-06,0.9710491029995062
96,9,4,0.0,0.5433333333333334,3.7050432818931394e-06,0.967217686388226
96,9,5,0.00013333333333333334,0.4407333333333335,4.299552399339398e-06,0.9629981447518347
96,9,6,0.0002666666666666667,0.34919999999999995,6.517312412857962e-06,0.9578880182692234
96,9,7,0.0002666666666666667,0.2651333333333334,7.198582035562327e-06,0.9535918044640881
96,9,8,0.00046666666666666666,0.18766666666666673,1.2139170032815036e-05,0.9470096218306613
96,9,9,0.0002,0.13946666666666668,1.260103296050894e-05,0.9405267474382346
96,9,10,0.001066666666666667,0.09573333333333335,1.689333287869798e-05,0.9333553392204147
96,9,11,0.0009333333333333334,0.06533333333333335,2.088046265270517e-05,0.9249668221543401
96,9,12,0.0015333333333333338,0.045600000000000016,2.1247633272475984e-05,0.9174730683949053
96,9,13,0.0020000000000000005,0.029600000000000005,2.6358452650096365e-05,0.9083221919800629
96,9,14,0.002800000000000001,0.018133333333333335,3.046944593838783e-05,0.899738309663933
96,9,15,0.0031333333333333343,0.0132,5.3298201129364964e-05,0.8863406015407258
96,9,16,0.0052000000000000015,0.007933333333333336,4.728578888570203e-05,0.8749138791330685
96,9,17,0.008000000000000002,0.007666666666666668,5.749179430421954e-05,0.8606457813458862
96,9,18,0.010000000000000004,0.004933333333333334,6.375006647033185e-05,0.8471861745277693
96,9,19,0.012000000000000004,0.0026,7.962858530631048e-05,0.8314601377134815
96,9,20,0.01486666666666667,0.0018666666666666666,9.615326528188631e-05,0.8158397419256743
96,9,21,0.01973333333333334,0.0018000000000000002,0.0001291299961603676,0.7983407226129958
96,9,22,0.02533333333333334,0.0011333333333333334,0.00013883939985775753,0.7805587709487496
96,9,23,0.027266666666666675,0.0008000000000000001,0.0001811892839504045,0.7616751612672675
96,9,24,0.03780000000000001,0.0005333333333333334,0.00023277125302945375,0.741388680445095
96,9,25,0.046600000000000016,0.0002,0.00026975759867695754,0.7198551146277282
96,9,26,0.05433333333333336,0.0002666666666666667,0.00029568699527292216,0.6980465185000064
96,9,27,0.06960000000000002,0.00013333333333333334,0.00036800367498837324,0.6742116641703068
96,9,28,0.08533333333333334,0.0002666666666666667,0.0004465956190558849,0.6478129834515529
96,9,29,0.10313333333333334,6.666666666666667e-05,0.00047594159240098316,0.6245821223927611
96,9,30,0.11780000000000003,0.00013333333333333334,0.0006753824518456121,0.5968938505267564
96,9,31,0.1342,0.0002666666666666667,0.0007791026762042977,0.572425629361071
96,9,32,0.15973333333333337,6.666666666666667e-05,0.0009166707525586572,0.5435713005694037
96,9,33,0.1786666666666667,0.0,0.001130009958697751,0.5147334373103382
96,9,34,0.20406666666666665,6.666666666666667e-05,0.0012924710037229617,0.484588029266023
96,9,35,0.22800000000000004,0.0,0.0015102370127050128,0.45660092841002065
96,9,36,0.25846666666666673,6.666666666666667e-05,0.001804489833937305,0.4294847188077598
96,9,37,0.2973333333333333,0.0,0.00228656686292458,0.4037122366454487
96,9,38,0.3256,0.0,0.002686967909582969,0.37390349970770825
96,9,39,0.3646666666666667,0.0,0.0033847504513369333,0.34379563394068596
96,9,40,0.39459999999999995,0.0,0.0036587781870316156,0.31821026420999055
96,9,41,0.43520000000000003,0.0,0.004235570544085794,0.292259314643312
96,9,42,0.4724666666666666,0.0,0.005353696009566742,0.2710818083056625
96,9,43,0.5132666666666665,0.0,0.006344267679331846,0.24522293373474113
96,9,44,0.5563999999999999,0.0,0.007326196806742559,0.21912369461699446
96,9,45,0.5969333333333335,0.0,0.008504318705921938,0.19815487742380775
96,9,46,0.6387333333333334,0.0,0.010454375986277204,0.1746946865379116
96,9,47,0.6731999999999999,0.0,0.012495814220197838,0.15836112488313542
96,11,0,0.0,0.8813333333333336,2.9932314488731768e-06,0.9735842935572075
96,11,1,0.0,0.7994666666666668,4.580334105152215e-06,0.9703419093913663
96,11,2,0.0,0.6979333333333334,4.293921431975922e-06,0.9652934138119239
96,11,3,0.0,0.5735333333333332,4.91110445367086e-06,0.9614900036275402
96,11,4,6.666666666666667e-05,0.47013333333333324,7.673542063626554e-06,0.9562340297417086
96,11,5,0.0002,0.36033333333333334,9.206828054426049e-06,0.9501994113567894
96,11,6,0.00013333333333333334,0.26326666666666665,8.434895471578201e-06,0.9444560084512027
96,11,7,0.0003333333333333333,0.19026666666666664,1.5424491242541132e-05,0.9386821881927685
96,11,8,0.0004,0.1347333333333333,1.4392860828401715e-05,0.9290840833842737
96,11,9,0.0008,0.08766666666666668,1.5196005155445664e-05,0.9215269186597005
96,11,10,0.0007333333333333333,0.06040000000000001,2.2110667493748893e-05,0.9121798206205067
96,11,11,0.001066666666666667,0.03826666666666668,2.6384646622362107e-05,0.9017398525595809
96,11,12,0.0014666666666666671,0.024466666666666675,3.4334074244235245e-05,0.8911437413797649
96,11,13,0.0022666666666666673,0.018133333333333335,3.5298859518165503e-05,0.879468087803089
96,11,14,0.0032666666666666677,0.010733333333333338,4.8028835560688945e-05,0.8682612186665364
96,11,15,0.005333333333333334,0.0064666666666666674,5.409893931447927e-05,0.8547752096650453
96,11,16,0.005933333333333336,0.003933333333333335,6.517170167766186e-05,0.8404954814819123
96,11,17,0.008666666666666668,0.003133333333333334,9.664759447198317e-05,0.8239705524467579
96,11,18,0.010933333333333338,0.0028666666666666675,0.00010575155666437464,0.8057019774085067
96,11,19,0.014000000000000007,0.0012666666666666668,0.00010005877392126347,0.788865508175699
96,11,20,0.01753333333333334,0.0010000000000000002,0.0001407983712872152,0.7690313727432972
96,11,21,0.02293333333333334,0.0006666666666666666,0.00018671501913638232,0.745792634240537
96,11,22,0.02726666666666668,0.0002666666666666667,0.00018455297941239555,0.7299533595905674
96,11,23,0.032333333333333346,0.0006000000000000001,0.00024908655066564956,0.70553668706099
96,11,24,0.041466666666666686,0.0004,0.00026576395982411263,0.6816430398869543
96,11,25,0.0508666666666667,0.00013333333333333334,0.00038133528043701796,0.6579145559595039
96,11,26,0.06593333333333334,6.666666666666667e-05,0.0004043462458357018,0.6327331751799511
96,11,27,0.07126666666666669,0.00013333333333333334,0.0005213088692400821,0.6033882061278013
96,11,28,0.08520000000000001,0.00013333333333333334,0.0005902833493323541,0.5785603186516783
96,11,29,0.10473333333333334,6.666666666666667e-05,0.0007378047473480197,0.5490075328369171
96,11,30,0.12006666666666667,0.00013333333333333334,0.0008032590267392574,0.5276732054038669
96,11,31,0.1422,0.0,0.0009501652161834494,0.49443859175138943
96,11,32,0.16446666666666668,0.0,0.0011350995421402935,0.46771264345767627
96,11,33,0.1821333333333333,6.666666666666667e-05,0.0013711409878109312,0.43935234466321776
96,11,34,0.22333333333333333,0.0,0.0016311679278024932,0.4111009213006053
96,11,35,0.24353333333333335,0.0,0.001953208301949293,0.381698047031259
96,11,36,0.27619999999999995,0.0,0.0024000049023076204,0.35267402676917325
96,11,37,0.3096666666666667,0.0,0.0027439664069971188,0.32515915653688676
96,11,38,0.3424666666666667,0.0,0.003166250471285844,0.30176336749292987
96,11,39,0.38653333333333345,0.0,0.0038866498479168655,0.27376785336152376
96,11,40,0.42546666666666677,0.0,0.004436170853521098,0.2555449963720797
96,11,41,0.46466666666666673,0.0,0.0054117946625712576,0.22907635974831506
96,11,42,0.5071333333333333,0.0,0.006655185031375065,0.20329598129984416
96,11,43,0.5625333333333334,0.0,0.007248266131262111,0.1865750186557501
96,11,44,0.5901333333333334,0.0,0.008608807552573625,0.16400956335105668
96,11,45,0.6379333333333334,0.0,0.010364158640892197,0.14451260027065474
96,11,46,0.6661333333333331,0.0,0.012344490398471322,0.1271489743551246
96,11,47,0.7110000000000002,0.0,0.013973909875297657,0.11239589429697784
96,13,0,0.0,0.8642666666666668,3.809358155690514e-06,0.9708233325195336
96,13,1,6.666666666666667e-05,0.7798666666666668,4.104715733743073e-06,0.9668324368168266
96,13,2,0.0,0.6616666666666667,5.2128392262223115e-06,0.9626729385915325
96,13,3,0.0002666666666666667,0.5533999999999999,9.769437500941305e-06,0.9577179086585527
96,13,4,0.0,0.43253333333333344,7.84456611144562e-06,0.952292267261258
96,13,5,0.0002666666666666667,0.33140000000000003,9.86052456049935e-06,0.9453908010068913
96,13,6,0.00046666666666666666,0.24186666666666662,1.4195811359714261e-05,0.9390738552715959
96,13,7,0.0005333333333333334,0.1764,1.7766375848536144e-05,0.9315888958333114
96,13,8,0.0004,0.12533333333333335,2.1056107968432873e-05,0.9229061280696454
96,13,9,0.0007333333333333333,0.08220000000000001,1.7972991654966787e-05,0.9148188936796583
96,13,10,0.0007333333333333333,0.056666666666666685,2.8636109273795848e-05,0.9021616911038329
96,13,11,0.001666666666666667,0.04006666666666668,3.701190272254777e-05,0.8919602650140452
96,13,12,0.0018666666666666669,0.025800000000000007,3.963312599940016e-05,0.8798144843262213
96,13,13,0.002666666666666667,0.018266666666666667,5.221716455653027e-05,0.867765834305992
96,13,14,0.005066666666666667,0.013000000000000005,5.725504773210004e-05,0.8541569519009943
96,13,15,0.007000000000000003,0.008933333333333333,8.484394399228346e-05,0.8408546928190318
96,13,16,0.007066666666666669,0.0058666666666666685,9.418719518340024e-05,0.8217935211057305
96,13,17,0.01126666666666667,0.0044666666666666665,0.00013389561336099614,0.8058574251534942
96,13,18,0.016066666666666674,0.0025333333333333336,0.00011225571365986824,0.7874025870681596
96,13,19,0.016866666666666672,0.0014000000000000004,0.00014622922117051292,0.7687933094214277
96,13,20,0.022666666666666672,0.0012666666666666668,0.0001714790692135277,0.7481918597904633
96,13,21,0.03066666666666668,0.00046666666666666666,0.00025203628935947044,0.7253218750353538
96,13,22,0.034933333333333344,0.0006000000000000001,0.00025178093617348824,0.7024101212464725
96,13,23,0.04686666666666669,0.00046666666666666666,0.0003404339423669702,0.6787756144585221
96,13,24,0.05400000000000001,0.0004,0.0003613226261176964,0.6529372001683901
96,13,25,0.06846666666666668,0.0002666666666666667,0.0004211730901840493,0.626229677534072
96,13,26,0.07986666666666668,0.00013333333333333334,0.0005216226866692514,0.602594418591527
96,13,27,0.09559999999999999,0.0,0.0005794664801342359,0.5732823291225337
96,13,28,0.11433333333333333,6.666666666666667e-05,0.0008195051477324968,0.5460351479596645
96,13,29,0.1375333333333333,6.666666666666667e-05,0.0009330889242240173,0.5177805199205865
96,13,30,0.15886666666666666,6.666666666666667e-05,0.0010540455483665152,0.49480786155520834
96,13,31,0.18073333333333333,0.0,0.0012637158720306201,0.46354866333705597
96,13,32,0.20166666666666666,0.0,0.0014406935893613497,0.43727469500356086
96,13,33,0.24106666666666662,6.666666666666667e-05,0.0018294475081167905,0.41098252757003373
96,13,34,0.26433333333333336,0.0,0.0021445806889031694,0.3793765800823482
96,13,35,0.29826666666666657,0.0,0.0023898968699534867,0.35429117855704584
96,13,36,0.3361333333333334,0.0,0.002933922846397784,0.3286668288922954
96,13,37,0.3709333333333333,0.0,0.0034263931417885442,0.30196623078628854
96,13,38,0.41526666666666656,0.0,0.00425998418690097,0.2780398005638843
96,13,39,0.45186666666666664,0.0,0.004976684704269904,0.25033738281237145
96,13,40,0.4935999999999999,0.0,0.0061254991337705905,0.2305485171739369
96,13,41,0.5368666666666667,0.0,0.0071470654083755185,0.20903597146069902
96,13,42,0.5704666666666667,0.0,0.008252160763626845,0.1912521662554951
96,13,43,0.6141333333333332,0.0,0.00966883987432435,0.1686841335872253
96,13,44,0.6490000000000002,0.0,0.011583450719235366,0.15501441636026714
96,13,45,0.6885333333333334,0.0,0.01323667596325278,0.13765355169217947
96,13,46,0.7248666666666668,0.0,0.01567621418545016,0.11955010188808358
96,13,47,0.7639999999999998,0.0,0.018866504627773655,0.10900695941392312
M (Hyperplanes),D (Bags),T (Filtered),FP (Hashed),FN (Hashed)
104,1,0,0.0,0.9919599999999995
104,1,1,0.0,0.9870399999999997
104,1,2,0.0,0.9773999999999998
104,1,3,0.0,0.96824
104,1,4,0.0,0.9499200000000001
104,1,5,0.0,0.9316400000000002
104,1,6,0.0,0.90696
104,1,7,0.0,0.8758
104,1,8,8e-05,0.8432799999999999
104,1,9,0.0,0.8060399999999998
104,1,10,4e-05,0.7566000000000002
104,1,11,4e-05,0.7168800000000001
104,1,12,4e-05,0.6641200000000002
104,1,13,8e-05,0.6207999999999999
104,1,14,4e-05,0.5775999999999999
104,1,15,0.0002,0.52948
104,1,16,4e-05,0.48452000000000006
104,1,17,0.0004000000000000001,0.43252
104,1,18,0.0006000000000000002,0.39976
104,1,19,0.0006000000000000002,0.35995999999999995
104,1,20,0.0008800000000000001,0.3199600000000001
104,1,21,0.0011200000000000001,0.2803600000000001
104,1,22,0.0016000000000000003,0.2546800000000001
104,1,23,0.0020400000000000006,0.21907999999999997
104,1,24,0.0022800000000000008,0.19208000000000003
104,1,25,0.002560000000000001,0.16368000000000002
104,1,26,0.0033200000000000013,0.14568000000000003
104,1,27,0.004400000000000002,0.12443999999999997
104,1,28,0.004320000000000002,0.10859999999999997
104,1,29,0.006520000000000002,0.09391999999999999
104,1,30,0.007760000000000002,0.07972
104,1,31,0.010480000000000003,0.06944
104,1,32,0.012480000000000005,0.059919999999999994
104,1,33,0.01488000000000001,0.05040000000000002
104,1,34,0.017520000000000008,0.041600000000000026
104,1,35,0.020000000000000007,0.03748000000000002
104,1,36,0.024720000000000013,0.03104000000000002
104,1,37,0.029360000000000018,0.025920000000000012
104,1,38,0.031240000000000018,0.021000000000000008
104,1,39,0.03624000000000002,0.01696000000000001
104,1,40,0.043960000000000006,0.014600000000000009
104,1,41,0.05176,0.012760000000000004
104,1,42,0.05944,0.011040000000000003
104,1,43,0.06692,0.009080000000000003
104,1,44,0.07287999999999999,0.006200000000000002
104,1,45,0.08267999999999999,0.007160000000000002
104,1,46,0.09352,0.005320000000000003
104,1,47,0.10391999999999997,0.004440000000000002
104,1,48,0.11431999999999999,0.003080000000000001
104,1,49,0.13371999999999995,0.0031200000000000004
104,1,50,0.14024,0.0016800000000000003
104,1,51,0.15947999999999998,0.00208
104,3,0,0.0,0.9725199999999999
104,3,1,0.0,0.9502400000000002
104,3,2,0.0,0.9203600000000002
104,3,3,0.0,0.8803999999999997
104,3,4,0.0,0.8274400000000003
104,3,5,0.0,0.7709999999999999
104,3,6,0.0,0.7069200000000001
104,3,7,0.0,0.6448799999999999
104,3,8,4e-05,0.5790799999999998
104,3,9,4e-05,0.5135999999999998
104,3,10,0.00016,0.44480000000000003
104,3,11,8e-05,0.38156
104,3,12,4e-05,0.32295999999999997
104,3,13,4e-05,0.2656400000000001
104,3,14,0.00043999999999999996,0.21943999999999997
104,3,15,0.0002,0.17656000000000002
104,3,16,0.0008400000000000001,0.14215999999999998
104,3,17,0.0011600000000000004,0.11439999999999996
104,3,18,0.0016400000000000006,0.09336
104,3,19,0.0016800000000000007,0.07271999999999998
104,3,20,0.0017200000000000006,0.05475999999999999
104,3,21,0.003880000000000001,0.04144000000000002
104,3,22,0.003320000000000001,0.034720000000000015
104,3,23,0.004880000000000002,0.02656000000000001
104,3,24,0.006240000000000003,0.019560000000000008
104,3,25,0.006880000000000002,0.014800000000000006
104,3,26,0.009200000000000003,0.011960000000000004
104,3,27,0.011400000000000006,0.010000000000000002
104,3,28,0.015680000000000006,0.007640000000000003
104,3,29,0.016320000000000008,0.006280000000000003
104,3,30,0.02272000000000001,0.0042000000000000015
104,3,31,0.024800000000000013,0.004120000000000001
104,3,32,0.031080000000000017,0.0031600000000000013
104,3,33,0.03716000000000002,0.0022
104,3,34,0.04108000000000001,0.0016000000000000003
104,3,35,0.05187999999999999,0.0012800000000000003
104,3,36,0.05979999999999999,0.0009600000000000003
104,3,37,0.06735999999999999,0.00064
104,3,38,0.0816,0.00043999999999999996
104,3,39,0.09316,0.00028000000000000003
104,3,40,0.10927999999999996,0.00048000000000000007
104,3,41,0.12303999999999997,0.00036
104,3,42,0.14036,0.00036
104,3,43,0.15648000000000004,0.00016
104,3,44,0.17808,0.00016
104,3,45,0.19819999999999996,4e-05
104,3,46,0.22043999999999997,8e-05
104,3,47,0.24864,0.00012
104,3,48,0.2697600000000001,8e-05
104,3,49,0.29788,0.0002
104,3,50,0.32332000000000005,4e-05
104,3,51,0.35095999999999994,0.0
104,5,0,0.0,0.9620799999999998
104,5,1,0.0,0.9240399999999999
104,5,2,0.0,0.87616
104,5,3,0.0,0.8204799999999999
104,5,4,0.0,0.7520399999999999
104,5,5,4e-05,0.67596
104,5,6,0.0,0.59228
104,5,7,0.0,0.50996
104,5,8,8e-05,0.42628
104,5,9,8e-05,0.35563999999999985
104,5,10,0.00024,0.28596000000000005
104,5,11,0.00016,0.22415999999999997
104,5,12,0.00024,0.18231999999999993
104,5,13,0.00048,0.13555999999999999
104,5,14,0.0007600000000000002,0.10943999999999995
104,5,15,0.0012000000000000003,0.0812
104,5,16,0.0014800000000000002,0.059000000000000025
104,5,17,0.002,0.04584000000000001
104,5,18,0.0026800000000000005,0.03400000000000002
104,5,19,0.0027200000000000006,0.02480000000000001
104,5,20,0.004720000000000002,0.01724000000000001
104,5,21,0.0052000000000000015,0.014080000000000007
104,5,22,0.007040000000000003,0.009640000000000004
104,5,23,0.009200000000000003,0.006880000000000002
104,5,24,0.011680000000000001,0.005080000000000002
104,5,25,0.012560000000000005,0.0037600000000000008
104,5,26,0.01704000000000001,0.0024400000000000003
104,5,27,0.02192000000000001,0.002160000000000001
104,5,28,0.025520000000000015,0.0021600000000000005
104,5,29,0.029960000000000018,0.0014800000000000002
104,5,30,0.03828000000000002,0.0009600000000000003
104,5,31,0.043720000000000016,0.0010000000000000002
104,5,32,0.05172000000000001,0.0004800000000000002
104,5,33,0.06343999999999998,0.00072
104,5,34,0.07415999999999999,0.00036
104,5,35,0.08455999999999998,0.00032
104,5,36,0.09563999999999999,0.0002
104,5,37,0.10875999999999998,0.0002
104,5,38,0.12680000000000002,0.0002
104,5,39,0.14484,8e-05
104,5,40,0.16567999999999997,0.00012
104,5,41,0.18780000000000005,0.00012
104,5,42,0.21384,0.0002
104,5,43,0.24364,4e-05
104,5,44,0.26963999999999994,8e-05
104,5,45,0.2953199999999999,0.0
104,5,46,0.3212,4e-05
104,5,47,0.35491999999999996,4e-05
104,5,48,0.3868000000000001,4e-05
104,5,49,0.42488000000000015,4e-05
104,5,50,0.4558,0.0
104,5,51,0.49115999999999993,0.0
104,7,0,0.0,0.93756
104,7,1,4e-05,0.89236
104,7,2,4e-05,0.8319199999999998
104,7,3,0.0,0.7526399999999999
104,7,4,0.0,0.6695200000000001
104,7,5,4e-05,0.56724
104,7,6,0.0,0.47312000000000004
104,7,7,4e-05,0.38524
104,7,8,0.00012,0.30540000000000006
104,7,9,0.00012,0.23568
104,7,10,0.0002,0.18096
104,7,11,0.00024,0.1326
104,7,12,0.0004000000000000001,0.09787999999999997
104,7,13,0.0010400000000000003,0.07331999999999998
104,7,14,0.0009200000000000002,0.0516
104,7,15,0.0011200000000000003,0.03848000000000002
104,7,16,0.0013600000000000003,0.027680000000000017
104,7,17,0.0018400000000000011,0.01944000000000001
104,7,18,0.002520000000000001,0.01480000000000001
104,7,19,0.004640000000000002,0.011320000000000004
104,7,20,0.004560000000000002,0.007400000000000002
104,7,21,0.005760000000000003,0.006280000000000001
104,7,22,0.008800000000000004,0.003640000000000001
104,7,23,0.009880000000000005,0.00328
104,7,24,0.013000000000000006,0.00252
104,7,25,0.017080000000000012,0.0016800000000000003
104,7,26,0.02288000000000001,0.00168
104,7,27,0.026400000000000014,0.0010400000000000001
104,7,28,0.02976000000000002,0.0008800000000000002
104,7,29,0.039080000000000024,0.00043999999999999996
104,7,30,0.04636000000000001,0.0005600000000000001
104,7,31,0.05491999999999999,0.0004
104,7,32,0.06215999999999999,0.0002
104,7,33,0.07944,0.0004
104,7,34,0.09420000000000002,0.00016
104,7,35,0.10228,0.00012
104,7,36,0.12183999999999998,0.00012
104,7,37,0.13648,8e-05
104,7,38,0.15824000000000005,8e-05
104,7,39,0.1698,8e-05
104,7,40,0.19820000000000004,8e-05
104,7,41,0.2255999999999999,4e-05
104,7,42,0.24996000000000002,8e-05
104,7,43,0.27540000000000003,4e-05
104,7,44,0.30576000000000003,4e-05
104,7,45,0.33820000000000006,0.0
104,7,46,0.36508000000000007,0.0
104,7,47,0.4063999999999999,4e-05
104,7,48,0.43392000000000025,0.0
104,7,49,0.46699999999999997,0.0
104,7,50,0.50364,0.0
104,7,51,0.5396399999999999,0.0
104,9,0,0.0,0.9218
104,9,1,0.0,0.8669599999999998
104,9,2,4e-05,0.8001599999999999
104,9,3,0.0,0.7153999999999999
104,9,4,4e-05,0.6184799999999999
104,9,5,4e-05,0.5232
104,9,6,8e-05,0.42104000000000014
104,9,7,0.00024,0.32976000000000005
104,9,8,0.00016,0.25008
104,9,9,8e-05,0.18960000000000002
104,9,10,0.00012,0.13608
104,9,11,0.00036,0.09832
104,9,12,0.00032,0.0738
104,9,13,0.0008400000000000001,0.049919999999999985
104,9,14,0.0013200000000000004,0.03496000000000002
104,9,15,0.0019200000000000007,0.027440000000000016
104,9,16,0.002160000000000001,0.01876000000000001
104,9,17,0.0028800000000000015,0.012560000000000005
104,9,18,0.004080000000000001,0.009040000000000003
104,9,19,0.004880000000000001,0.006800000000000001
104,9,20,0.0066400000000000035,0.005760000000000002
104,9,21,0.008280000000000004,0.004360000000000002
104,9,22,0.009640000000000004,0.0024000000000000007
104,9,23,0.015360000000000009,0.00184
104,9,24,0.01860000000000001,0.00196
104,9,25,0.023680000000000014,0.0015600000000000002
104,9,26,0.02604000000000001,0.0008000000000000001
104,9,27,0.03140000000000001,0.00068
104,9,28,0.040120000000000024,0.00048
104,9,29,0.04636000000000001,0.0005200000000000001
104,9,30,0.05672,0.0004
104,9,31,0.06627999999999998,0.00028000000000000003
104,9,32,0.08076,8e-05
104,9,33,0.09508,0.00012
104,9,34,0.10912,4e-05
104,9,35,0.12684000000000004,8e-05
104,9,36,0.14772000000000002,0.00012
104,9,37,0.16379999999999995,0.0
104,9,38,0.1882,4e-05
104,9,39,0.20864000000000005,0.0
104,9,40,0.23620000000000005,0.0
104,9,41,0.266,0.0
104,9,42,0.29812000000000005,0.0
104,9,43,0.3255600000000001,0.0
104,9,44,0.35931999999999986,0.0
104,9,45,0.3890799999999999,0.0
104,9,46,0.4300799999999998,0.0
104,9,47,0.4648399999999999,0.0
104,9,48,0.50024,0.0
104,9,49,0.5267999999999998,0.0
104,9,50,0.5638400000000001,0.0
104,9,51,0.6008799999999999,0.0
104,11,0,0.0,0.9230799999999998
104,11,1,0.0,0.8757599999999996
104,11,2,0.0,0.8014799999999999
104,11,3,0.0,0.7136799999999998
104,11,4,0.0,0.6208400000000001
104,11,5,0.0,0.51824
104,11,6,0.0,0.4215200000000002
104,11,7,0.00012,0.33476000000000006
104,11,8,0.00012,0.2542800000000001
104,11,9,4e-05,0.19700000000000004
104,11,10,0.00012,0.14736
104,11,11,0.0004000000000000001,0.10668
104,11,12,0.0008000000000000003,0.08171999999999999
104,11,13,0.0007600000000000003,0.05871999999999999
104,11,14,0.0008000000000000001,0.04120000000000002
104,11,15,0.0012800000000000003,0.03188000000000001
104,11,16,0.0020800000000000007,0.02120000000000001
104,11,17,0.0031200000000000017,0.01868000000000001
104,11,18,0.0035600000000000015,0.012680000000000004
104,11,19,0.004400000000000002,0.007480000000000002
104,11,20,0.006840000000000002,0.0065200000000000015
104,11,21,0.009760000000000007,0.004400000000000001
104,11,22,0.012560000000000005,0.0031200000000000004
104,11,23,0.015000000000000006,0.0027200000000000015
104,11,24,0.01852000000000001,0.0016000000000000003
104,11,25,0.025440000000000015,0.001
104,11,26,0.03064000000000001,0.0015200000000000003
104,11,27,0.03764000000000002,0.0008800000000000001
104,11,28,0.04576,0.00048
104,11,29,0.05496,0.0004
104,11,30,0.06963999999999998,0.0002
104,11,31,0.07919999999999999,0.00028000000000000003
104,11,32,0.09540000000000001,0.00012
104,11,33,0.11064,0.00012
104,11,34,0.12264000000000001,0.0
104,11,35,0.14512000000000003,0.0
104,11,36,0.16856000000000002,0.0
104,11,37,0.191,0.0
104,11,38,0.21716000000000002,0.0
104,11,39,0.24244000000000007,0.0
104,11,40,0.26888,0.0
104,11,41,0.30204000000000003,0.0
104,11,42,0.32891999999999993,0.0
104,11,43,0.35623999999999995,0.0
104,11,44,0.3959200000000001,0.0
104,11,45,0.43535999999999997,0.0
104,11,46,0.46527999999999975,0.0
104,11,47,0.50224,0.0
104,11,48,0.5427999999999998,0.0
104,11,49,0.574,0.0
104,11,50,0.6160000000000001,0.0
104,11,51,0.6464799999999999,0.0
104,13,0,0.0,0.8978800000000002
104,13,1,8e-05,0.8322799999999999
104,13,2,4e-05,0.73992
104,13,3,8e-05,0.6404400000000001
104,13,4,4e-05,0.5318399999999999
104,13,5,0.00016,0.43392
104,13,6,0.00012,0.33956000000000003
104,13,7,0.0002,0.25476000000000004
104,13,8,0.0002,0.18944000000000003
104,13,9,0.00044000000000000007,0.13519999999999993
104,13,10,0.0005200000000000001,0.09423999999999998
104,13,11,0.00072,0.06955999999999998
104,13,12,0.0008000000000000005,0.04856000000000003
104,13,13,0.0012400000000000004,0.034680000000000016
104,13,14,0.0021200000000000004,0.023800000000000012
104,13,15,0.0022000000000000006,0.016080000000000007
104,13,16,0.002880000000000001,0.012520000000000007
104,13,17,0.005600000000000002,0.007960000000000002
104,13,18,0.006000000000000003,0.005880000000000001
104,13,19,0.008000000000000004,0.003880000000000001
104,13,20,0.012120000000000006,0.003480000000000002
104,13,21,0.015400000000000007,0.0020000000000000005
104,13,22,0.017720000000000007,0.0017200000000000004
104,13,23,0.022000000000000016,0.0012000000000000003
104,13,24,0.027320000000000014,0.0011200000000000003
104,13,25,0.03332000000000002,0.0008
104,13,26,0.038400000000000024,0.0006400000000000002
104,13,27,0.04692000000000001,0.00032
104,13,28,0.05583999999999999,0.00024
104,13,29,0.06872,0.00024
104,13,30,0.07931999999999997,0.00016
104,13,31,0.09623999999999996,0.0002
104,13,32,0.11028000000000002,8e-05
104,13,33,0.124,0.0
104,13,34,0.14768,8e-05
104,13,35,0.16436,4e-05
104,13,36,0.19460000000000005,0.0
104,13,37,0.21820000000000006,0.0
104,13,38,0.2429199999999999,0.0
104,13,39,0.27403999999999995,0.0
104,13,40,0.30772,0.0
104,13,41,0.33848,0.0
104,13,42,0.37928000000000006,0.0
104,13,43,0.4104799999999998,0.0
104,13,44,0.44724,0.0
104,13,45,0.49491999999999997,0.0
104,13,46,0.5233599999999999,0.0
104,13,47,0.5689599999999999,0.0
104,13,48,0.5976,0.0
104,13,49,0.6423200000000001,0.0
104,13,50,0.67892,0.0
104,13,51,0.7082400000000001,0.0
128,1,0,0.0,0.9970666666666665,1.3757386447401902e-08,0.9995852687886122
128,1,1,0.0,0.9958666666666669,2.3865684826546782e-08,0.9995182047640454
128,1,2,0.0,0.9917333333333329,1.7999001091142636e-08,0.9994632279843576
128,1,3,0.0,0.9859333333333334,2.1320109724258063e-08,0.9993839861446768
128,1,4,0.0,0.9783333333333333,3.241413673258117e-08,0.999280634331463
128,1,5,0.0,0.9674666666666665,5.577162587720885e-08,0.9991962381155628
128,1,6,0.0,0.9541999999999999,3.019243352016717e-08,0.9991021768247214
128,1,7,0.0,0.9390666666666668,7.607138639064027e-08,0.9989850713963709
128,1,8,0.0,0.9209999999999998,5.673646444241213e-08,0.9988457062241903
128,1,9,0.0,0.8980666666666667,6.509096061491083e-08,0.9986964648356078
128,1,10,0.0,0.8696000000000002,7.362537942086817e-08,0.9985693091306229
128,1,11,0.0,0.8408000000000001,1.1233157829230548e-07,0.9983882136847126
128,1,12,0.0,0.8095333333333332,1.1488896663403027e-07,0.9981257455040775
128,1,13,0.0,0.7723333333333333,1.869924051637452e-07,0.9979324390736027
128,1,14,0.0,0.7360666666666666,2.202416945755983e-07,0.9977535773723424
128,1,15,0.0,0.6950666666666668,1.3953576765596893e-07,0.9974076641100765
128,1,16,0.00013333333333333334,0.6505333333333334,2.32250373842175e-07,0.997063363155134
128,1,17,0.0,0.6095333333333334,4.4796626396887493e-07,0.9967658914186099
128,1,18,0.00013333333333333334,0.568,2.719277175008663e-07,0.996313123018411
128,1,19,6.666666666666667e-05,0.5266,3.2788868198436244e-07,0.996013146185859
128,1,20,0.0002,0.4860666666666667,3.76603004420131e-07,0.9955050066601527
128,1,21,0.0002,0.4488000000000001,7.575979814587402e-07,0.9949734716779887
128,1,22,6.666666666666667e-05,0.4062666666666666,8.33002653068577e-07,0.9945223752258483
128,1,23,0.0005333333333333334,0.3758666666666666,7.852817282962091e-07,0.9938047152376376
128,1,24,0.0005333333333333334,0.3373999999999999,7.106764255296759e-07,0.9931972120942817
128,1,25,0.0004,0.30419999999999997,1.2105606359456997e-06,0.9924775682755954
128,1,26,0.00046666666666666666,0.27259999999999995,1.409786153900836e-06,0.991599140751014
128,1,27,0.0010000000000000002,0.24500000000000002,1.6684820331873069e-06,0.9907319896435213
128,1,28,0.0012000000000000001,0.21653333333333336,1.3378281570478107e-06,0.989764728889986
128,1,29,0.0016000000000000005,0.19839999999999994,2.607402815955914e-06,0.988767078682852
128,1,30,0.001466666666666667,0.16893333333333332,2.8352205177308736e-06,0.9873202109420052
128,1,31,0.0012666666666666668,0.15253333333333338,2.572857500679161e-06,0.9860528370076714
128,1,32,0.002666666666666667,0.1311333333333333,2.1188274359226087e-06,0.9846577044838952
128,1,33,0.002666666666666667,0.10953333333333329,4.837105126508022e-06,0.9831406708322739
128,1,34,0.004200000000000001,0.10573333333333332,4.3235594526247345e-06,0.9814089175550504
128,1,35,0.004733333333333334,0.08800000000000001,4.9102429969441535e-06,0.9793677454893299
128,1,36,0.004533333333333333,0.0808,4.687357563536529e-06,0.9775307036351993
128,1,37,0.006200000000000001,0.06953333333333336,9.383377813209401e-06,0.9755429265677591
128,1,38,0.007933333333333336,0.057266666666666695,7.541542656220928e-06,0.9732252151829999
128,1,39,0.008600000000000002,0.05053333333333335,9.318897837986476e-06,0.9703804759789084
128,1,40,0.009533333333333336,0.046800000000000015,9.6329256165546e-06,0.9684956204690375
128,1,41,0.009800000000000003,0.03586666666666668,1.148484230601353e-05,0.9651563118577254
128,1,42,0.011466666666666668,0.03360000000000001,1.644440509657888e-05,0.9619135306303971
128,1,43,0.01186666666666667,0.029400000000000016,1.4190168078338109e-05,0.9591101646379853
128,1,44,0.015133333333333339,0.02393333333333334,1.8540110849252725e-05,0.9545855586281738
128,1,45,0.020666666666666673,0.020266666666666672,2.6187526958317007e-05,0.9508478448096984
128,1,46,0.0214,0.019066666666666673,2.536379466776353e-05,0.9474026574070563
128,1,47,0.02293333333333334,0.016466666666666675,2.590488032088223e-05,0.9422953596390607
128,1,48,0.02753333333333334,0.01286666666666667,3.3510574339336164e-05,0.9367899920461447
128,1,49,0.03046666666666668,0.010000000000000002,3.7642037205325785e-05,0.9325284428018892
128,1,50,0.030333333333333344,0.009933333333333337,5.2646080219690486e-05,0.9274843571894448
128,1,51,0.03580000000000001,0.007333333333333335,5.043219840855724e-05,0.9214121446891377
128,1,52,0.04066666666666668,0.007466666666666668,5.589717721033066e-05,0.9135234233386562
128,1,53,0.04493333333333335,0.007266666666666669,7.178436082676695e-05,0.9055408451844121
128,1,54,0.05320000000000001,0.005733333333333335,9.607835119339243e-05,0.9002935417543864
128,1,55,0.056066666666666674,0.004133333333333334,9.059362270976601e-05,0.8902740318179331
128,1,56,0.0634666666666667,0.003200000000000001,0.00011105221118242754,0.884381081681984
128,1,57,0.07240000000000002,0.0036666666666666675,0.00013458942728009814,0.8763476910834096
128,1,58,0.07720000000000002,0.0031333333333333335,0.0001419552690890994,0.8650454481826425
128,1,59,0.08520000000000001,0.0019333333333333342,0.00016481394635791397,0.8559519416184601
128,1,60,0.09673333333333334,0.002,0.00019906536918625446,0.8448679998033034
128,1,61,0.09879999999999997,0.001466666666666667,0.0002141324772159924,0.8323920916740482
128,1,62,0.11466666666666664,0.0016,0.00023574446438480006,0.8227768611909347
128,1,63,0.11826666666666664,0.0013333333333333335,0.00031149694581350133,0.8102135688948553
128,3,0,0.0,0.9887333333333334,1.667661231055353e-08,0.9987466393658618
128,3,1,0.0,0.9819333333333335,1.790372082326957e-08,0.9985457059603198
128,3,2,0.0,0.9705999999999999,2.1106649215655676e-08,0.9983517194284677
128,3,3,0.0,0.9555333333333337,3.435199641644972e-08,0.9981465817146925
128,3,4,0.0,0.9288666666666666,2.6942448118380843e-08,0.9978648476223824
128,3,5,0.0,0.8983333333333332,4.607880450697218e-08,0.9976644209292769
128,3,6,0.0,0.8656666666666669,6.231830485233423e-08,0.9973341946660716
128,3,7,0.0,0.8179333333333332,4.4237431721771964e-08,0.9970971217282577
128,3,8,0.0,0.7599999999999997,1.1246503150151733e-07,0.9965696940111304
128,3,9,0.0,0.7119333333333333,1.1348351610021258e-07,0.9962147034596421
128,3,10,0.0,0.6509999999999999,1.0360316775427491e-07,0.9956126117753265
128,3,11,0.0,0.5950666666666666,1.2909563775608134e-07,0.9950564500926677
128,3,12,0.0,0.5314,1.5549248880888629e-07,0.9944126111079502
128,3,13,0.0,0.47573333333333334,2.0692243035463295e-07,0.9937934277656411
128,3,14,0.0,0.41906666666666664,2.0997086217697557e-07,0.9931217545879513
128,3,15,6.666666666666667e-05,0.35773333333333335,3.1180045144985064e-07,0.9923053249696333
128,3,16,0.00013333333333333334,0.3040666666666667,2.89654404472496e-07,0.9912507764660744
128,3,17,0.00013333333333333334,0.2611333333333334,3.7659994129952204e-07,0.9904709579599094
128,3,18,0.0002,0.21559999999999993,4.5242568585658457e-07,0.9890451738269751
128,3,19,0.00013333333333333334,0.18226666666666663,6.208124318180951e-07,0.9879463929455788
128,3,20,0.0002,0.15326666666666666,6.463769348821572e-07,0.9865204611989016
128,3,21,0.0002,0.1234,8.465851297850206e-07,0.9849238058144874
128,3,22,0.0007333333333333336,0.10313333333333334,8.287827322395314e-07,0.9830857433885412
128,3,23,0.0006000000000000001,0.08253333333333335,1.0980524682005313e-06,0.9812140767343128
128,3,24,0.0005333333333333334,0.06913333333333334,1.2294628605352564e-06,0.9791926402220553
128,3,25,0.001066666666666667,0.05393333333333335,1.5149243265761836e-06,0.9773262449252305
128,3,26,0.0016000000000000003,0.045666666666666675,1.968008413669682e-06,0.9747899040948748
128,3,27,0.001666666666666667,0.034533333333333346,2.5374046252213646e-06,0.9720521771140411
128,3,28,0.0018666666666666669,0.02786666666666667,3.2311051106518575e-06,0.9695612165373884
128,3,29,0.002533333333333334,0.022400000000000007,3.055808145514588e-06,0.9661267549149521
128,3,30,0.0028666666666666675,0.019200000000000002,4.3962183631799235e-06,0.9624133190768334
128,3,31,0.0037333333333333346,0.014666666666666668,4.593205690711496e-06,0.9598225212419591
128,3,32,0.004666666666666668,0.01146666666666667,5.2096820376120595e-06,0.9545200166597441
128,3,33,0.005466666666666667,0.009600000000000003,5.603401805185224e-06,0.9504889415112956
128,3,34,0.007866666666666668,0.007066666666666668,7.074092153896192e-06,0.9449621381569
128,3,35,0.008533333333333337,0.006600000000000001,7.966384508594191e-06,0.9393939316607567
128,3,36,0.009333333333333336,0.004733333333333335,9.016087338159557e-06,0.9346513414597213
128,3,37,0.01193333333333334,0.0038,1.123598728056658e-05,0.9279029948240716
128,3,38,0.014133333333333335,0.0027333333333333337,1.3622930857239496e-05,0.9227209062053005
128,3,39,0.014933333333333338,0.0035333333333333336,1.74249353085106e-05,0.9163944513005589
128,3,40,0.019066666666666676,0.003066666666666667,1.7365038336838543e-05,0.9088718177955905
128,3,41,0.02480000000000001,0.0018666666666666666,2.2925471880401827e-05,0.8998276241888189
128,3,42,0.027066666666666676,0.0015333333333333338,2.6033025446271104e-05,0.8910760974754045
128,3,43,0.030000000000000013,0.0012666666666666666,3.1379361129055546e-05,0.8827958640110266
128,3,44,0.030800000000000015,0.0007333333333333333,4.0098752387823066e-05,0.8714839650436181
128,3,45,0.03920000000000001,0.0006666666666666666,4.8443931537911814e-05,0.8611123280133884
128,3,46,0.04420000000000002,0.0003333333333333333,4.789194304748176e-05,0.8500413409179122
128,3,47,0.04926666666666669,0.0006666666666666666,5.7571821463630444e-05,0.8381644299986043
128,3,48,0.05793333333333336,0.0003333333333333333,6.57832735217773e-05,0.826294028138044
128,3,49,0.06926666666666668,0.0003333333333333333,8.026410107995161e-05,0.812876680425075
128,3,50,0.07653333333333334,0.00013333333333333334,9.861709138137147e-05,0.8016229913951674
128,3,51,0.08440000000000002,0.00013333333333333334,0.0001285002531247369,0.7822831636420823
128,3,52,0.09653333333333335,0.00046666666666666666,0.00013141279240515795,0.7710626015379294
128,3,53,0.10486666666666666,0.0,0.00016106783952531985,0.7544542975382703
128,3,54,0.12346666666666668,0.00013333333333333334,0.0001866463040415933,0.737160114458596
128,3,55,0.1406666666666667,0.0002,0.00020316202260928535,0.7212323528696509
128,3,56,0.15346666666666664,0.0002,0.00024224987298656728,0.702180124186022
128,3,57,0.16160000000000005,0.0,0.0002766502109528018,0.6835116764772372
128,3,58,0.17600000000000005,0.0,0.0003423958006573408,0.6673192504802492
128,3,59,0.1968666666666666,6.666666666666667e-05,0.00038284785404466356,0.6471943916467936
128,3,60,0.21706666666666669,6.666666666666667e-05,0.000461049562195621,0.6286308887720706
128,3,61,0.2282666666666667,0.00013333333333333334,0.0005518423695032925,0.6049224099145984
128,3,62,0.2571333333333333,0.0,0.0006522732379331927,0.578525511840028
128,3,63,0.2763333333333333,0.0,0.000746885352299436,0.5622613530496954
128,5,0,0.0,0.9835333333333334,1.3049969931011598e-08,0.998079711541417
128,5,1,0.0,0.9754666666666666,1.4771545124204877e-08,0.9977800359073934
128,5,2,0.0,0.9546666666666664,1.4687234491272963e-08,0.9975015843517426
128,5,3,0.0,0.9224666666666664,2.097656476877466e-08,0.9971112048718948
128,5,4,0.0,0.8916,2.76679388992883e-08,0.9967108847832346
128,5,5,0.0,0.8498000000000001,2.7264671710473343e-08,0.9962791581809471
128,5,6,0.0,0.8002,3.643208621166109e-08,0.9957918653518661
128,5,7,0.0,0.7399999999999999,5.398142706125597e-08,0.9952999435092474
128,5,8,0.0,0.6789333333333332,6.048662810077666e-08,0.994638053747212
128,5,9,0.0,0.6072666666666667,5.168567141489166e-08,0.9941400534919729
128,5,10,0.0,0.5454666666666667,6.767304344703873e-08,0.9933035723496126
128,5,11,0.0,0.48059999999999997,1.1275094547215214e-07,0.992511791908218
128,5,12,6.666666666666667e-05,0.41273333333333334,1.2734099503534468e-07,0.9914805078448888
128,5,13,0.0,0.3511333333333334,1.33646669349415e-07,0.9902280485873329
128,5,14,0.00013333333333333334,0.2942000000000001,1.5538530774811884e-07,0.9892026705360096
128,5,15,0.0002,0.2462666666666667,2.3751679843484223e-07,0.9880688909326334
128,5,16,0.00013333333333333334,0.19880000000000003,2.1394675859723007e-07,0.9868301559375617
128,5,17,0.0002,0.16480000000000003,3.331563861378574e-07,0.9848488139715498
128,5,18,0.00013333333333333334,0.13279999999999997,4.3450954008023627e-07,0.9837487835640754
128,5,19,0.0006000000000000001,0.10620000000000002,3.7229897168082157e-07,0.9812723759119668
128,5,20,0.0002666666666666667,0.08726666666666666,5.173513037858907e-07,0.9791178590341219
128,5,21,0.0008666666666666667,0.07233333333333333,7.257242844257317e-07,0.9770251964793516
128,5,22,0.0008000000000000003,0.05293333333333335,8.453391812819837e-07,0.9747532069956361
128,5,23,0.0010000000000000002,0.039533333333333344,9.222700819390017e-07,0.9716995657171386
128,5,24,0.0008666666666666667,0.031533333333333344,1.1845173108826492e-06,0.9690166201421627
128,5,25,0.001733333333333334,0.02273333333333334,1.3441246436578514e-06,0.9657407645185306
128,5,26,0.0024000000000000002,0.01993333333333334,1.7132037518951723e-06,0.9622796572253687
128,5,27,0.0024000000000000002,0.015333333333333338,2.28854309956545e-06,0.9570537537613075
128,5,28,0.003000000000000001,0.012533333333333337,2.3919511496417218e-06,0.9543079169876365
128,5,29,0.0036666666666666675,0.010533333333333336,3.075941535122769e-06,0.9492597999151949
128,5,30,0.003866666666666667,0.009800000000000001,3.6378437901847247e-06,0.9433802353092261
128,5,31,0.006733333333333335,0.006933333333333334,4.3720260389670995e-06,0.9386172731331403
128,5,32,0.007333333333333335,0.004800000000000001,5.11149836424576e-06,0.932662753743028
128,5,33,0.009600000000000001,0.004400000000000001,6.381102285082425e-06,0.9258354595797125
128,5,34,0.008066666666666668,0.004200000000000001,7.563156550238045e-06,0.9200670789383292
128,5,35,0.013000000000000005,0.003466666666666668,1.0489240665553898e-05,0.9106541089971683
128,5,36,0.015733333333333335,0.0024666666666666674,1.1028866235438309e-05,0.9053776219075511
128,5,37,0.016733333333333336,0.0012666666666666668,1.5723480871339393e-05,0.8950813402274012
128,5,38,0.022400000000000007,0.0018000000000000002,1.4855563887276739e-05,0.8858968293034936
128,5,39,0.02233333333333334,0.0013333333333333335,1.794857161923216e-05,0.8780066142113688
128,5,40,0.024000000000000007,0.0015333333333333338,2.2479295050723575e-05,0.8676776346711192
128,5,41,0.032333333333333346,0.0011333333333333334,2.740382608666282e-05,0.8531374318587966
128,5,42,0.03793333333333335,0.0011333333333333334,2.854213752370038e-05,0.843292582794093
128,5,43,0.04500000000000001,0.00046666666666666666,3.7021759406933405e-05,0.82773717608942
128,5,44,0.04966666666666668,0.0010000000000000002,3.958482251411432e-05,0.8173530853805265
128,5,45,0.05673333333333335,0.0006000000000000001,5.109655921845246e-05,0.8049719533325472
128,5,46,0.06466666666666669,0.0002666666666666667,6.038573470392924e-05,0.7876712007114538
128,5,47,0.07406666666666667,0.0004,6.959547845732233e-05,0.7739315755661574
128,5,48,0.08459999999999998,0.0003333333333333333,8.740207752964771e-05,0.7603716331158095
128,5,49,0.10186666666666665,0.0004,0.00010123387783160828,0.7393901444072011
128,5,50,0.10933333333333332,0.0003333333333333333,0.00011790359336512353,0.723752390472923
128,5,51,0.12353333333333334,0.0002,0.00015383625782335828,0.7057082653001469
128,5,52,0.13613333333333336,0.00013333333333333334,0.0001747133177324618,0.6863327645220746
128,5,53,0.15580000000000002,6.666666666666667e-05,0.00020205485607119078,0.6699868062150057
128,5,54,0.17086666666666667,6.666666666666667e-05,0.00023854312274734245,0.6460368533653141
128,5,55,0.18660000000000004,0.00013333333333333334,0.0002882023482546419,0.6282379396283245
128,5,56,0.20066666666666666,0.0002,0.000340767170549275,0.607792308522474
128,5,57,0.23,6.666666666666667e-05,0.0003644515114290231,0.5805541888433292
128,5,58,0.24813333333333334,0.0,0.00047110494826390655,0.5585771882421665
128,5,59,0.2634666666666667,0.0,0.0005545409083451751,0.541721238594023
128,5,60,0.28733333333333333,0.0,0.0006233059871236373,0.51601969331086
128,5,61,0.3147999999999999,0.0002,0.0007333044615595953,0.4941914130336879
128,5,62,0.34079999999999994,6.666666666666667e-05,0.0008631108775574037,0.46940120391377527
128,5,63,0.36819999999999997,0.0,0.0010289267820396582,0.44687339622288086
128,7,0,0.0,0.9711333333333335,3.122039068945457e-08,0.9966012340382302
128,7,1,0.0,0.9491333333333334,3.941585491085142e-08,0.996150648274918
128,7,2,0.0,0.9197999999999998,3.112134607611653e-08,0.9956656184748478
128,7,3,0.0,0.8856666666666667,4.977023669366304e-08,0.9949965080686579
128,7,4,0.0,0.8267333333333333,5.2333632603805854e-08,0.9944858340741898
128,7,5,0.0,0.7770666666666667,4.590996199143542e-08,0.9935885416944515
128,7,6,6.666666666666667e-05,0.7012666666666667,1.1842373149293125e-07,0.9928417845577241
128,7,7,0.0,0.6244,6.727784657106157e-08,0.991873343830522
128,7,8,0.0,0.5429333333333334,9.04690774163762e-08,0.9911032374934765
128,7,9,0.0,0.47320000000000007,3.6482405427478654e-07,0.9898199318174775
128,7,10,0.0,0.38886666666666664,1.430373806057878e-07,0.9885461385091373
128,7,11,0.0,0.3238666666666667,5.301222976619169e-07,0.9872810929863208
128,7,12,6.666666666666667e-05,0.26159999999999994,4.185486191974834e-07,0.9857602015794168
128,7,13,6.666666666666667e-05,0.21000000000000008,2.547618553600219e-07,0.9838341704882517
128,7,14,6.666666666666667e-05,0.16339999999999996,2.8969699745970714e-07,0.9825035616944469
128,7,15,0.0002,0.12259999999999999,4.853399570864268e-07,0.9794393102353364
128,7,16,0.00013333333333333334,0.09806666666666666,3.7875729422249323e-07,0.978010671396135
128,7,17,0.0002666666666666667,0.07066666666666668,4.995444093808501e-07,0.9748512172121339
128,7,18,0.0003333333333333333,0.05466666666666668,6.567897411723369e-07,0.9720005514298774
128,7,19,0.0002666666666666667,0.04266666666666668,1.1014325575204132e-06,0.9684362825834285
128,7,20,0.00046666666666666666,0.030600000000000013,1.3586784611783448e-06,0.9656986537072813
128,7,21,0.0008000000000000003,0.02140000000000001,1.2435653515075286e-06,0.9626586732924605
128,7,22,0.0006000000000000001,0.017533333333333335,1.6328772215975878e-06,0.9573370673784078
128,7,23,0.001,0.01366666666666667,2.018580195573698e-06,0.9535503514285945
128,7,24,0.0014666666666666671,0.008400000000000001,2.2947782883475898e-06,0.9485599608159403
128,7,25,0.002066666666666667,0.006866666666666668,2.1926953964348146e-06,0.9425596072516331
128,7,26,0.0029333333333333342,0.004200000000000001,3.36829940090914e-06,0.9381174432176015
128,7,27,0.0037333333333333337,0.0032000000000000015,4.130930870002936e-06,0.9322036127916765
128,7,28,0.004066666666666667,0.0030666666666666676,3.711609729058892e-06,0.9252820244430523
128,7,29,0.005466666666666667,0.0020666666666666667,6.631397566600472e-06,0.916424285487247
128,7,30,0.0068666666666666685,0.0015333333333333338,6.319757604677339e-06,0.910780410112605
128,7,31,0.006333333333333335,0.0008666666666666667,7.911978981248858e-06,0.9014103373532136
128,7,32,0.009333333333333336,0.0005333333333333334,1.0488424397044595e-05,0.8923193113211231
128,7,33,0.011333333333333336,0.00046666666666666666,9.097938808670936e-06,0.8823148749251747
128,7,34,0.012000000000000004,0.0003333333333333333,1.2352503680547853e-05,0.8719139020009291
128,7,35,0.013533333333333338,0.0002,1.459839702507379e-05,0.8632637154325445
128,7,36,0.017200000000000003,6.666666666666667e-05,1.6797497885442833e-05,0.8488031824127246
128,7,37,0.021133333333333337,0.00013333333333333334,1.7411633886657733e-05,0.8382927689475477
128,7,38,0.024533333333333338,0.0002666666666666667,2.7625359305229826e-05,0.8236466664158288
128,7,39,0.028333333333333342,0.00013333333333333334,2.6444420058770665e-05,0.8088158220736715
128,7,40,0.03180000000000001,0.0,3.421029757650935e-05,0.7959642789946808
128,7,41,0.0396,0.0,3.95275763259806e-05,0.7799484119052112
128,7,42,0.043333333333333356,6.666666666666667e-05,4.646821419478629e-05,0.7639724779926336
128,7,43,0.056466666666666686,6.666666666666667e-05,7.317082424075373e-05,0.7473900904767757
128,7,44,0.05826666666666668,0.0,6.03823345416803e-05,0.7282367370215369
128,7,45,0.06846666666666668,0.0,7.218861189595939e-05,0.7109800741408887
128,7,46,0.0758,0.0,0.0001024528645617163,0.6921839770477339
128,7,47,0.08919999999999999,0.0,0.00010517351834247185,0.6691073971466646
128,7,48,0.0994,0.0,0.00011706412060104612,0.6506075278098712
128,7,49,0.10866666666666663,0.0,0.0001750610689201131,0.6299831706624669
128,7,50,0.12406666666666669,0.0,0.00016763845554198568,0.6084751549886672
128,7,51,0.15233333333333332,0.0,0.00019965870413489993,0.5865808634922891
128,7,52,0.16506666666666664,0.0,0.00021519519219385475,0.5636019015730918
128,7,53,0.17626666666666674,0.0,0.0002589972571435892,0.5400111539374326
128,7,54,0.18933333333333338,0.0,0.0003534607684095442,0.5147594482060017
128,7,55,0.22166666666666662,0.0,0.0004304557054013574,0.49799164703474924
128,7,56,0.24113333333333337,0.0,0.00045300027094244985,0.4692370134680681
128,7,57,0.2600666666666667,0.0,0.0006273533745102305,0.44974653856629915
128,7,58,0.2930666666666667,0.0,0.0006562408097108519,0.4203039182863837
128,7,59,0.32319999999999993,0.0,0.0007580095502366305,0.4021601124437549
128,7,60,0.34340000000000004,0.0,0.0008705078841526933,0.37735246717108784
128,7,61,0.37273333333333336,0.0,0.0009666953196031029,0.356468405552974
128,7,62,0.40206666666666663,0.0,0.0012417217442129177,0.32923979113235574
128,7,63,0.4218,0.0,0.001475404934939132,0.30746868137583544
128,9,0,0.0,0.9694666666666667,2.2930631832834223e-08,0.995879580028214
128,9,1,0.0,0.9440000000000002,1.9057534196497017e-08,0.9952667096569171
128,9,2,0.0,0.9059333333333335,3.3242644078137725e-08,0.9947907304916291
128,9,3,0.0,0.8605333333333333,3.7542317828339246e-08,0.9940213803085249
128,9,4,0.0,0.8092000000000001,6.895141929314573e-08,0.9933586215861681
128,9,5,0.0,0.7391333333333333,6.259913531777204e-08,0.9923327949275659
128,9,6,0.0,0.657,6.719602571432967e-08,0.991445394664209
128,9,7,0.0,0.5813333333333334,7.166342519149271e-08,0.9902461692192497
128,9,8,0.0,0.5112666666666666,1.1651568044780526e-07,0.989244124818218
128,9,9,0.0,0.431,1.532644145210519e-07,0.9880536608326466
128,9,10,0.0,0.3596,1.4395321428569326e-07,0.9861150367434717
128,9,11,0.00013333333333333334,0.3028666666666666,2.1775108460766714e-07,0.9846835139089172
128,9,12,0.0,0.24606666666666663,2.0622075591321863e-07,0.9831510086154343
128,9,13,6.666666666666667e-05,0.2023333333333333,3.8127380102126465e-07,0.9811581989383286
128,9,14,6.666666666666667e-05,0.1548,3.869517224232011e-07,0.9783577834007894
128,9,15,0.0003333333333333333,0.12153333333333333,4.668536750807274e-07,0.9761447904965272
128,9,16,0.0002,0.09359999999999997,5.010456579201344e-07,0.9732323084294451
128,9,17,0.0004,0.07119999999999997,5.158453376366864e-07,0.9701954610099648
128,9,18,0.0003333333333333333,0.058933333333333345,6.928897174561431e-07,0.9666974303675596
128,9,19,0.0004,0.0442,1.0675860586351555e-06,0.9631402812283366
128,9,20,0.0004,0.03293333333333334,1.3684068029871347e-06,0.9592051058585429
128,9,21,0.0008,0.026200000000000005,1.2301980738710114e-06,0.9548471974457073
128,9,22,0.0005333333333333334,0.01906666666666667,1.5697403169790465e-06,0.9499823468800811
128,9,23,0.0012000000000000003,0.0168,2.2273611442970262e-06,0.9455621053759331
128,9,24,0.001666666666666667,0.014133333333333336,2.0760525386527777e-06,0.9387025971651035
128,9,25,0.0020000000000000005,0.010933333333333333,2.6965619116782686e-06,0.9327803821052008
128,9,26,0.0027333333333333333,0.008266666666666667,3.5284227133610796e-06,0.9263739091837471
128,9,27,0.004066666666666667,0.0064,4.654413243463582e-06,0.9193268987528295
128,9,28,0.0045333333333333345,0.005266666666666668,3.857513934996916e-06,0.9112814610497829
128,9,29,0.005000000000000002,0.005733333333333334,4.760036363706453e-06,0.9040669544993604
128,9,30,0.0062000000000000015,0.004600000000000001,7.938264602310234e-06,0.8938487741626199
128,9,31,0.007133333333333336,0.002533333333333333,9.231006422754044e-06,0.8851578225916537
128,9,32,0.008066666666666672,0.0026666666666666666,8.551393697376564e-06,0.8727536953039026
128,9,33,0.010533333333333337,0.0028666666666666675,1.152666943104145e-05,0.8635231655731953
128,9,34,0.014600000000000005,0.0024,1.1587956894791172e-05,0.8507494188807142
128,9,35,0.01626666666666667,0.0015333333333333338,1.599078780209806e-05,0.8406256930206101
128,9,36,0.019000000000000006,0.0007333333333333333,2.019498584981131e-05,0.8262262067340017
128,9,37,0.02293333333333334,0.001,2.1408891344782044e-05,0.8107758665006929
128,9,38,0.028400000000000012,0.001,2.804213960400916e-05,0.7968116960275956
128,9,39,0.03113333333333335,0.00046666666666666666,2.857349554730733e-05,0.7809731255185234
128,9,40,0.03966666666666667,0.0003333333333333333,4.262668094047161e-05,0.7639611268939265
128,9,41,0.04340000000000002,0.0005333333333333334,4.778295634244334e-05,0.7497782094523625
128,9,42,0.052133333333333365,0.0002666666666666667,5.149179620679773e-05,0.7331395822006905
128,9,43,0.05900000000000002,6.666666666666667e-05,6.236067318056151e-05,0.7123811249110351
128,9,44,0.07060000000000002,0.00013333333333333334,8.296818734777543e-05,0.6895226370007704
128,9,45,0.08173333333333335,0.0002,8.980769912221989e-05,0.6743074018021108
128,9,46,0.08786666666666669,0.0003333333333333333,0.00011004736849451126,0.6519524067627714
128,9,47,0.10046666666666665,0.0002666666666666667,0.00012092174997561095,0.6327258489306905
128,9,48,0.11033333333333334,6.666666666666667e-05,0.00013900911458460629,0.6122608865635438
128,9,49,0.1264666666666667,6.666666666666667e-05,0.00018431262265039186,0.585923444290463
128,9,50,0.1408666666666667,0.0,0.0002282674289151289,0.5663078046279915
128,9,51,0.15873333333333334,6.666666666666667e-05,0.00023471159112727907,0.5447509260770516
128,9,52,0.18613333333333332,6.666666666666667e-05,0.0002878874178299945,0.5164873093562286
128,9,53,0.2004666666666667,0.0,0.00034366245200728534,0.4937490097648754
128,9,54,0.22919999999999996,0.0,0.00041018891147225555,0.47180936519483285
128,9,55,0.24433333333333326,6.666666666666667e-05,0.00048342583858912593,0.4479129537998245
128,9,56,0.27513333333333334,0.0,0.0005740226810144913,0.42276394220599617
128,9,57,0.30373333333333336,0.0,0.0006801568961419065,0.401237226336396
128,9,58,0.3263333333333333,0.0,0.0007284568445826869,0.3839476001906396
128,9,59,0.3518666666666667,0.0,0.000872915329007743,0.3597562687083708
128,9,60,0.3844,0.0,0.0009964255482022377,0.33723391132498637
128,9,61,0.40859999999999996,0.0,0.001200268583545105,0.3143537283284427
128,9,62,0.44673333333333326,0.0,0.001428893394899052,0.2938902299483443
128,9,63,0.46926666666666667,0.0,0.0016343332490568907,0.27372972977098536
128,11,0,0.0,0.9628666666666666,9.224225584886841e-08,0.9950113168404139
128,11,1,0.0,0.9331333333333333,7.853599211106299e-08,0.9943497748993582
128,11,2,0.0,0.8875333333333333,1.5523911176183889e-07,0.9935964782130013
128,11,3,0.0,0.8331333333333333,1.2065082040396073e-07,0.9928351541298196
128,11,4,0.0,0.7673999999999997,2.0439058900945107e-07,0.9916949265546585
128,11,5,0.0,0.6876,2.0740193338044915e-07,0.990749391700781
128,11,6,0.0,0.6036666666666667,3.127854039348183e-07,0.9893159180561226
128,11,7,0.0,0.5156,3.3772364127949833e-07,0.988127869617785
128,11,8,0.0,0.4289333333333333,3.033262391032915e-07,0.9868476647267473
128,11,9,0.0,0.35653333333333337,4.4832865077504274e-07,0.984842832449788
128,11,10,0.0,0.28633333333333333,6.017832580242291e-07,0.9830497481437163
128,11,11,0.0,0.22913333333333338,6.016076372483446e-07,0.9815595974977526
128,11,12,6.666666666666667e-05,0.1789333333333333,9.502522603245741e-07,0.979187342128657
128,11,13,6.666666666666667e-05,0.13473333333333332,1.3701992087057977e-06,0.9764056801989709
128,11,14,6.666666666666667e-05,0.09826666666666667,1.2771401855717407e-06,0.9733500940465308
128,11,15,0.0003333333333333333,0.07960000000000002,1.4541500439111524e-06,0.9708778716025965
128,11,16,0.0005333333333333334,0.057133333333333355,2.1433578362388934e-06,0.9672064296557558
128,11,17,0.0003333333333333333,0.043466666666666674,2.147529789401507e-06,0.9636083542613391
128,11,18,0.0006000000000000001,0.032066666666666674,2.7181646887558895e-06,0.9592878288284764
128,11,19,0.0013333333333333335,0.02613333333333334,3.0120182322772955e-06,0.9550279584300257
128,11,20,0.0008000000000000001,0.019733333333333335,3.949297955544724e-06,0.9507712089038451
128,11,21,0.0019333333333333333,0.011800000000000003,3.903113574539233e-06,0.9445609700182349
128,11,22,0.002066666666666667,0.008933333333333337,4.197563694832238e-06,0.9383159120299333
128,11,23,0.0024000000000000002,0.007400000000000001,4.200194874712275e-06,0.931971883926829
128,11,24,0.0026000000000000003,0.004400000000000001,6.390203016859072e-06,0.9258496487756606
128,11,25,0.004466666666666668,0.0036000000000000003,7.62297568774331e-06,0.9180139219105148
128,11,26,0.006333333333333335,0.003133333333333334,1.003470598980739e-05,0.9103071149475842
128,11,27,0.0068666666666666685,0.0024,1.2914792560840838e-05,0.9039612651998422
128,11,28,0.009933333333333334,0.0017333333333333335,1.4355283629797014e-05,0.8936199600712569
128,11,29,0.011333333333333336,0.0016,1.7758391916815822e-05,0.8852689335229031
128,11,30,0.013133333333333334,0.0012000000000000001,1.683227457339633e-05,0.871220270297433
128,11,31,0.015600000000000006,0.0007333333333333333,2.0425515502662447e-05,0.8599356329851271
128,11,32,0.018000000000000006,0.0007333333333333333,2.40869973901737e-05,0.8468054534383966
128,11,33,0.022066666666666675,0.0002,3.0128864478031897e-05,0.8360040003174085
128,11,34,0.028133333333333344,0.0002666666666666667,3.121097976089202e-05,0.8208987082213987
128,11,35,0.030733333333333345,0.0008666666666666666,4.645720088349258e-05,0.80596933807143
128,11,36,0.03380000000000001,6.666666666666667e-05,5.371861528632255e-05,0.7909574530729838
128,11,37,0.03733333333333335,0.0002,5.8007813476796146e-05,0.775706696179571
128,11,38,0.042866666666666685,6.666666666666667e-05,7.980408759832673e-05,0.758402077392772
128,11,39,0.05000000000000002,0.00013333333333333334,7.720431203235532e-05,0.7418559445501365
128,11,40,0.060333333333333364,0.0002,8.02852910618645e-05,0.7225960255999062
128,11,41,0.06886666666666669,0.00013333333333333334,9.851165081051229e-05,0.7038138027077903
128,11,42,0.07233333333333336,0.0,0.00015881856285254227,0.6833966458970407
128,11,43,0.08286666666666669,0.0,0.0001360989124673707,0.6644125201218581
128,11,44,0.09786666666666667,6.666666666666667e-05,0.00016986712370660904,0.6389435059497891
128,11,45,0.10446666666666667,0.0,0.00020455225396704893,0.6227483967402948
128,11,46,0.12846666666666665,6.666666666666667e-05,0.0002480277104326978,0.5985911278423097
128,11,47,0.13419999999999999,6.666666666666667e-05,0.00028174467222417634,0.5792246785762208
128,11,48,0.15746666666666667,6.666666666666667e-05,0.00027812009260198015,0.5523053788033512
128,11,49,0.1661333333333333,0.0,0.0003641545262935593,0.5275106691941621
128,11,50,0.18886666666666665,0.0,0.0004129667399002194,0.5048727920380734
128,11,51,0.2139333333333334,0.0,0.000464668738847186,0.4778346787078691
128,11,52,0.2294666666666667,0.0,0.0006112298394126789,0.4558286856327857
128,11,53,0.25146666666666667,0.0,0.0007439974939590777,0.4333470008655605
128,11,54,0.2743333333333334,0.0,0.0008526685792234612,0.40896933351249526
128,11,55,0.3028,0.0,0.0008801410703358196,0.38895657901596353
128,11,56,0.32246666666666673,0.0,0.0010300524501715585,0.3595946691472967
128,11,57,0.3482666666666666,0.0,0.0012798539921205785,0.3416607766605998
128,11,58,0.37900000000000006,0.0,0.0014539435124661614,0.3157458713101586
128,11,59,0.40080000000000005,0.0,0.0015749633020197763,0.2976143133980452
128,11,60,0.43593333333333323,0.0,0.001992372709137372,0.27197521074607534
128,11,61,0.46360000000000007,0.0,0.002306411930537548,0.2546828808057045
128,11,62,0.4955999999999998,0.0,0.0025537181206664364,0.2347712153956583
128,11,63,0.5257333333333335,0.0,0.0028492137375822975,0.21780494231818393
128,13,0,0.0,0.9593333333333334,6.847658029672676e-08,0.9940707429146559
128,13,1,0.0,0.9199333333333335,2.2945238319908395e-07,0.9932933461416876
128,13,2,0.0,0.8714666666666666,8.996397349405853e-08,0.99214544638822
128,13,3,0.0,0.8118000000000001,1.6943401550700225e-07,0.991420429779775
128,13,4,0.0,0.7347999999999999,2.303499322127145e-07,0.9904444372894685
128,13,5,0.0,0.6556666666666666,1.7416593556330968e-07,0.9890889184502302
128,13,6,0.0,0.5688666666666667,3.579624425554323e-07,0.9877115925998405
128,13,7,0.00013333333333333334,0.4825999999999999,3.230747804035477e-07,0.9860020602112848
128,13,8,0.0,0.41093333333333326,2.8085725024234393e-07,0.9844222509554014
128,13,9,0.0,0.33593333333333336,7.64036437405265e-07,0.9824341969793563
128,13,10,0.0,0.2684,3.7720841892706507e-07,0.9804123946804756
128,13,11,6.666666666666667e-05,0.20886666666666664,6.428414868143348e-07,0.9775383924828732
128,13,12,0.0,0.16446666666666662,6.788890090010997e-07,0.9748617472813146
128,13,13,0.00013333333333333334,0.12826666666666667,7.593861419713275e-07,0.9724552919172053
128,13,14,0.0002,0.10246666666666666,7.953089847261779e-07,0.9694549852118695
128,13,15,0.00013333333333333334,0.07640000000000001,1.2583920405105671e-06,0.9666634008256076
128,13,16,0.0002,0.05626666666666669,1.275908640574413e-06,0.9620063013070931
128,13,17,0.00046666666666666666,0.04540000000000001,1.7945395483596686e-06,0.9578356685055833
128,13,18,0.0009333333333333334,0.03286666666666667,2.321631216937872e-06,0.9528441235340094
128,13,19,0.0006000000000000001,0.025600000000000008,2.2483306219691257e-06,0.9476912721949436
128,13,20,0.0012000000000000001,0.019600000000000006,3.197815451598696e-06,0.9418198523048371
128,13,21,0.001,0.012666666666666668,5.130809191141085e-06,0.9365283463277679
128,13,22,0.0018666666666666666,0.010600000000000004,3.878434842407772e-06,0.9294967058724439
128,13,23,0.002,0.0084,4.232476603965419e-06,0.9233426213084479
128,13,24,0.0030666666666666676,0.005733333333333334,5.2440391684257525e-06,0.9157455948887558
128,13,25,0.004266666666666667,0.004866666666666668,5.765131174034716e-06,0.9058197162903958
128,13,26,0.004600000000000002,0.003933333333333334,6.43171957475324e-06,0.8980489635687403
128,13,27,0.0072666666666666695,0.003533333333333333,7.887598562141188e-06,0.8886627200486835
128,13,28,0.007600000000000002,0.0028666666666666662,1.8103353143230315e-05,0.8797817038258885
128,13,29,0.009933333333333334,0.001466666666666667,1.0937463137075566e-05,0.8671370555076724
128,13,30,0.010133333333333334,0.0015333333333333338,1.191013145168132e-05,0.8566447979670906
128,13,31,0.015133333333333335,0.001,1.932745142531151e-05,0.8425616160580122
128,13,32,0.018333333333333337,0.0008,2.4492579737856454e-05,0.8290201321895736
128,13,33,0.01993333333333334,0.0008666666666666667,2.9526102603946008e-05,0.8147837238759975
128,13,34,0.02400000000000001,0.0008000000000000003,2.8975450188337363e-05,0.8002424857760974
128,13,35,0.027400000000000015,0.0006000000000000001,3.235850945380084e-05,0.7878109959513219
128,13,36,0.03353333333333334,0.00046666666666666666,4.3936188401589984e-05,0.7703771198506664
128,13,37,0.042400000000000014,0.00013333333333333334,4.384890420439854e-05,0.756416157092697
128,13,38,0.04566666666666668,0.0002,6.124216927085691e-05,0.7360424468073847
128,13,39,0.05520000000000002,0.0004,8.882213214694768e-05,0.7195438571997202
128,13,40,0.059333333333333356,0.0002,7.767310876404093e-05,0.6990886561640463
128,13,41,0.0706666666666667,0.00013333333333333334,9.937747625054553e-05,0.6790627625042572
128,13,42,0.08333333333333334,0.0002,0.00011773620549425479,0.6559913914319471
128,13,43,0.09413333333333335,0.0,0.00012209160976169712,0.6363210218081549
128,13,44,0.10526666666666666,6.666666666666667e-05,0.0001602278009795582,0.6173848396588049
128,13,45,0.12360000000000002,0.0,0.0002139893131429786,0.5948941061279275
128,13,46,0.1391333333333333,0.0,0.0002180196755084317,0.570233471419624
128,13,47,0.1570666666666667,0.0,0.0002887861303770901,0.551268826269006
128,13,48,0.17553333333333337,0.0,0.0002922859597138309,0.524274952767485
128,13,49,0.19446666666666668,0.0,0.00031490395849230907,0.5016160666957437
128,13,50,0.21886666666666665,0.0,0.0003639793464343383,0.47519792493509133
128,13,51,0.2462,0.0,0.0005054401929861496,0.45415102085604137
128,13,52,0.269,0.0,0.0006180462119236342,0.4279607263524031
128,13,53,0.29113333333333336,0.0,0.0006589628878938923,0.4092023588119087
128,13,54,0.3169333333333333,0.0,0.000740521673084934,0.38261715534527524
128,13,55,0.3476666666666667,0.0,0.000784203570871389,0.36213814732899274
128,13,56,0.3762,0.0,0.0010142138700200572,0.3432625274938176
128,13,57,0.3993999999999999,0.0,0.0011480017876544203,0.3158454823189548
128,13,58,0.4299333333333334,0.0,0.0014310849948485531,0.2972609827197468
128,13,59,0.46379999999999993,0.0,0.0017173033723620955,0.2791090117079562
128,13,60,0.4997333333333333,0.0,0.0019707348149547257,0.25894233611284834
128,13,61,0.5288000000000002,0.0,0.0023597952118461227,0.23398545416221878
128,13,62,0.5588666666666667,0.0,0.0026109340857018207,0.21780885068634637
128,13,63,0.5909333333333333,0.0,0.0030421675075253648,0.20282675677388656
